USE [SailingSchool]
GO
/****** Object:  Table [dbo].[Vats]    Script Date: 06/12/2014 21:42:56 ******/
/****** Object:  Table [dbo].[MailTemplates]    Script Date: 06/12/2014 21:42:56 ******/
/****** Object:  Table [dbo].[Qualifications]    Script Date: 06/12/2014 21:42:56 ******/
SET IDENTITY_INSERT [dbo].[Qualifications] ON
INSERT [dbo].[Qualifications] ([QualificationId], [ShortName], [Name], [Description], [IssuingDate], [IsEnabled], [Label], [AdditionalInfo], [CustomField1], [CustomField2], [CustomField3], [CreatedBy], [ModifiedBy], [CreatedOn], [ModifiedOn]) VALUES (1, N'SBF See', N'Sportbootführerschein See', N'Der Sportbootführerschein See (SBF See) ist vorgeschrieben für das Führen von Wasserfahrzeugen mit einer Antriebsmaschine mit mehr als 5PS (3,68 kW) an der Antriebswelle auf Seeschifffahrtsstraßen und innerhalb der 3-sm-Zone in Seerevieren. Im Gegensatz zum Sportbootführerschein Binnen betrifft dieser Schein nur Motorfahrzeuge. Allerdings setzt auch das Führen von Segelyachten diesen Schein voraus, wenn diese über eine Maschine mit mehr als 5 PS (3,68 kW) verfügen.', NULL, 0, NULL, NULL, NULL, NULL, NULL, NULL, NULL, NULL, NULL)
INSERT [dbo].[Qualifications] ([QualificationId], [ShortName], [Name], [Description], [IssuingDate], [IsEnabled], [Label], [AdditionalInfo], [CustomField1], [CustomField2], [CustomField3], [CreatedBy], [ModifiedBy], [CreatedOn], [ModifiedOn]) VALUES (2, N'SBF Binnen', N'Sportbootführerschein Binnen', N'Bei dem Sportbootführerschein Binnen (SBF Binnen) handelt es sich um den amtlichen Sportbootführerschein zum Führen eines Sportbootes auf Bundeswasserstraßen im Geltungsbereich der Binnenschifffahrtsstraßen-Ordnung. Ein Sportboot ist dabei ein nicht gewerbsmäßig verwendetes Fahrzeug von weniger als 15 m Länge ohne Ruder und Bugspriet, ausgenommen Fahrzeuge, die durch Muskelkraft oder nur hilfsweise mit einem Treibsegel von höchstens 3 m2 Fläche fortbewegt werden. Sportboote mit einer Antriebsmaschine, deren größte nicht überschreitbare Nutzleistung höchstens 11,03 kW (15 PS) beträgt, sind von der Fahrerlaubnispflicht ausgenommen.Der SBF Binnen wird für die Antriebsarten Antriebsmaschine und Segel erteilt; beide Antriebsarten werden dabei in einem gemeinsamen Dokument bescheinigt.', NULL, 0, NULL, NULL, NULL, NULL, NULL, NULL, NULL, NULL, NULL)
INSERT [dbo].[Qualifications] ([QualificationId], [ShortName], [Name], [Description], [IssuingDate], [IsEnabled], [Label], [AdditionalInfo], [CustomField1], [CustomField2], [CustomField3], [CreatedBy], [ModifiedBy], [CreatedOn], [ModifiedOn]) VALUES (3, N'JUS', N'Jüngstenschein', N'Der DSV-Jüngstensegelschein gilt nur für junge Segler in ausgewählten begrenzten Revieren unter fachkundiger Leitung und dient als Befähigungsnachweis zur Führung von altersgerechten Segelbooten. Er wird mit Vollendung des 17. Lebensjahres ungültig. Die Prüfung zum Jüngstensegelschein wird durch die Prüfungskommission eines Vereines oder von einer DSV-anerkannten Segelschule nach den Zulassungsvoraussetzungen und Prüfungsinhalten der DSV-Jüngstensegelscheinvorschrift abgenommen.', NULL, 0, NULL, NULL, NULL, NULL, NULL, NULL, NULL, NULL, NULL)
INSERT [dbo].[Qualifications] ([QualificationId], [ShortName], [Name], [Description], [IssuingDate], [IsEnabled], [Label], [AdditionalInfo], [CustomField1], [CustomField2], [CustomField3], [CreatedBy], [ModifiedBy], [CreatedOn], [ModifiedOn]) VALUES (5, N'SSS', N'Sportsegelschein', N'Der Sportsegelschein wird ausschließlich in DSV-Vereinen ausgebildet, geprüft und erteilt. Der Sportsegelschein bescheinigt dem Inhaber die für die Ausübung der Sportart Segeln notwendigen Segel- und Regattakenntnisse.', NULL, 0, NULL, NULL, NULL, NULL, NULL, NULL, NULL, NULL, NULL)
INSERT [dbo].[Qualifications] ([QualificationId], [ShortName], [Name], [Description], [IssuingDate], [IsEnabled], [Label], [AdditionalInfo], [CustomField1], [CustomField2], [CustomField3], [CreatedBy], [ModifiedBy], [CreatedOn], [ModifiedOn]) VALUES (6, N'SUS', N'DSV Segelsurfschein', N'', NULL, 0, NULL, NULL, NULL, NULL, NULL, NULL, NULL, NULL, NULL)
INSERT [dbo].[Qualifications] ([QualificationId], [ShortName], [Name], [Description], [IssuingDate], [IsEnabled], [Label], [AdditionalInfo], [CustomField1], [CustomField2], [CustomField3], [CreatedBy], [ModifiedBy], [CreatedOn], [ModifiedOn]) VALUES (7, N'DSV-A', N'DSV-A-Lizenz', N'Befähigung zum Vermitteln der Lehrinhalte und Lernziele der Prüfungen zum Sportbootführerschein-Binnen unter Antriebsmaschine und unter Segel sowie zum Sportbootführerschein-See', NULL, 0, NULL, NULL, NULL, NULL, NULL, NULL, NULL, NULL, NULL)
INSERT [dbo].[Qualifications] ([QualificationId], [ShortName], [Name], [Description], [IssuingDate], [IsEnabled], [Label], [AdditionalInfo], [CustomField1], [CustomField2], [CustomField3], [CreatedBy], [ModifiedBy], [CreatedOn], [ModifiedOn]) VALUES (8, N'DSV-B', N'DSV-B-Lizenz', N'Befähigung zum Vermitteln der Lehrhinhalte und Lernziele der Prüfungen zum Sportküstenschifferschein unter Antriebsmaschine und unter Segel sowie zum Sportseeschifferschein unter Antriebsmaschine und unter Segel.', NULL, 0, NULL, NULL, NULL, NULL, NULL, NULL, NULL, NULL, NULL)
INSERT [dbo].[Qualifications] ([QualificationId], [ShortName], [Name], [Description], [IssuingDate], [IsEnabled], [Label], [AdditionalInfo], [CustomField1], [CustomField2], [CustomField3], [CreatedBy], [ModifiedBy], [CreatedOn], [ModifiedOn]) VALUES (9, N'DSV-C', N'DSV-C-Lizenz', N'Befähigung zum Vermitteln der Lehrinhalte und Lernziele der Prüfung zum Sporthochseeschifferschein unter Antriebsmaschine und unter Segel.', NULL, 0, NULL, NULL, NULL, NULL, NULL, NULL, NULL, NULL, NULL)
SET IDENTITY_INSERT [dbo].[Qualifications] OFF
/****** Object:  Table [dbo].[PurchaseOrders]    Script Date: 06/12/2014 21:42:56 ******/
/****** Object:  Table [dbo].[PdfTemplates]    Script Date: 06/12/2014 21:42:56 ******/
/****** Object:  Table [dbo].[MaterialTyps]    Script Date: 06/12/2014 21:42:56 ******/
SET IDENTITY_INSERT [dbo].[MaterialTyps] ON
INSERT [dbo].[MaterialTyps] ([Id], [Description], [Name], [IsEnabled], [Label], [AdditionalInfo], [CustomField1], [CustomField2], [CustomField3], [CreatedBy], [ModifiedBy], [CreatedOn], [ModifiedOn]) VALUES (1, NULL, NULL, 0, NULL, NULL, NULL, NULL, NULL, NULL, NULL, NULL, NULL)
INSERT [dbo].[MaterialTyps] ([Id], [Description], [Name], [IsEnabled], [Label], [AdditionalInfo], [CustomField1], [CustomField2], [CustomField3], [CreatedBy], [ModifiedBy], [CreatedOn], [ModifiedOn]) VALUES (2, NULL, N'Mast', 0, NULL, NULL, NULL, NULL, NULL, NULL, NULL, NULL, NULL)
INSERT [dbo].[MaterialTyps] ([Id], [Description], [Name], [IsEnabled], [Label], [AdditionalInfo], [CustomField1], [CustomField2], [CustomField3], [CreatedBy], [ModifiedBy], [CreatedOn], [ModifiedOn]) VALUES (3, N'', N'Anker', 0, NULL, NULL, NULL, NULL, NULL, NULL, NULL, NULL, NULL)
INSERT [dbo].[MaterialTyps] ([Id], [Description], [Name], [IsEnabled], [Label], [AdditionalInfo], [CustomField1], [CustomField2], [CustomField3], [CreatedBy], [ModifiedBy], [CreatedOn], [ModifiedOn]) VALUES (4, N'', N'Segel', 0, NULL, NULL, NULL, NULL, NULL, NULL, NULL, NULL, NULL)
INSERT [dbo].[MaterialTyps] ([Id], [Description], [Name], [IsEnabled], [Label], [AdditionalInfo], [CustomField1], [CustomField2], [CustomField3], [CreatedBy], [ModifiedBy], [CreatedOn], [ModifiedOn]) VALUES (5, N'', N'Leine', 0, NULL, NULL, NULL, NULL, NULL, NULL, NULL, NULL, NULL)
INSERT [dbo].[MaterialTyps] ([Id], [Description], [Name], [IsEnabled], [Label], [AdditionalInfo], [CustomField1], [CustomField2], [CustomField3], [CreatedBy], [ModifiedBy], [CreatedOn], [ModifiedOn]) VALUES (7, N'Eine Winch ist eine Seilwinde zur Übertragung größerer Zugkräfte', N'Winch', 0, NULL, NULL, NULL, NULL, NULL, NULL, NULL, NULL, NULL)
SET IDENTITY_INSERT [dbo].[MaterialTyps] OFF
/****** Object:  Table [dbo].[InvoiceItems]    Script Date: 06/12/2014 21:42:56 ******/
/****** Object:  Table [dbo].[InfoBoxes]    Script Date: 06/12/2014 21:42:56 ******/
/****** Object:  Table [dbo].[IncomingInvoices]    Script Date: 06/12/2014 21:42:56 ******/
/****** Object:  Table [dbo].[GeneralFees]    Script Date: 06/12/2014 21:42:56 ******/
/****** Object:  Table [dbo].[Fees]    Script Date: 06/12/2014 21:42:56 ******/
/****** Object:  Table [dbo].[CreditNoteItems]    Script Date: 06/12/2014 21:42:56 ******/
/****** Object:  Table [dbo].[Courses]    Script Date: 06/12/2014 21:42:56 ******/
SET IDENTITY_INSERT [dbo].[Courses] ON
INSERT [dbo].[Courses] ([CourseId], [Title], [Description], [NetPrice], [GrossPrice], [NetAmount], [Duration], [Currency], [CourseStatus], [Credits], [Capacity], [NeededInstructors], [Label], [AdditionalInfo], [CustomField1], [CustomField2], [CustomField3], [CreatedBy], [ModifiedBy], [CreatedOn], [ModifiedOn]) VALUES (1, NULL, N'Segelkurs für Kinder bis 10 Jahre', CAST(193.27 AS Decimal(18, 2)), CAST(230.00 AS Decimal(18, 2)), CAST(36.72 AS Decimal(18, 2)), 4, 0, 0, 0, 10, 2, N'Optimisten 1', NULL, NULL, NULL, NULL, NULL, NULL, NULL, CAST(0x0000A347017047E5 AS DateTime))
INSERT [dbo].[Courses] ([CourseId], [Title], [Description], [NetPrice], [GrossPrice], [NetAmount], [Duration], [Currency], [CourseStatus], [Credits], [Capacity], [NeededInstructors], [Label], [AdditionalInfo], [CustomField1], [CustomField2], [CustomField3], [CreatedBy], [ModifiedBy], [CreatedOn], [ModifiedOn]) VALUES (2, NULL, N'Anfänger-Segelkurs für Kinder 8 - 14 Jahre', CAST(226.89 AS Decimal(18, 2)), CAST(270.00 AS Decimal(18, 2)), CAST(43.10 AS Decimal(18, 2)), 4, 0, 0, 0, 6, 2, N'Optimisten 2', NULL, NULL, NULL, NULL, NULL, NULL, NULL, CAST(0x0000A34701705499 AS DateTime))
INSERT [dbo].[Courses] ([CourseId], [Title], [Description], [NetPrice], [GrossPrice], [NetAmount], [Duration], [Currency], [CourseStatus], [Credits], [Capacity], [NeededInstructors], [Label], [AdditionalInfo], [CustomField1], [CustomField2], [CustomField3], [CreatedBy], [ModifiedBy], [CreatedOn], [ModifiedOn]) VALUES (3, NULL, N'Anfänger-Jollenkurs', CAST(235.29 AS Decimal(18, 2)), CAST(280.00 AS Decimal(18, 2)), CAST(44.70 AS Decimal(18, 2)), 5, 0, 0, 0, 10, 2, N'470er 1', NULL, NULL, NULL, NULL, NULL, NULL, NULL, CAST(0x0000A34701705C2F AS DateTime))
INSERT [dbo].[Courses] ([CourseId], [Title], [Description], [NetPrice], [GrossPrice], [NetAmount], [Duration], [Currency], [CourseStatus], [Credits], [Capacity], [NeededInstructors], [Label], [AdditionalInfo], [CustomField1], [CustomField2], [CustomField3], [CreatedBy], [ModifiedBy], [CreatedOn], [ModifiedOn]) VALUES (4, NULL, N'Fortgeschrittenen-Jollenkurs', CAST(247.89 AS Decimal(18, 2)), CAST(295.00 AS Decimal(18, 2)), CAST(47.10 AS Decimal(18, 2)), 3, 0, 0, 0, 6, 2, N'470er 2', NULL, NULL, NULL, NULL, NULL, NULL, NULL, CAST(0x0000A347017A717E AS DateTime))
INSERT [dbo].[Courses] ([CourseId], [Title], [Description], [NetPrice], [GrossPrice], [NetAmount], [Duration], [Currency], [CourseStatus], [Credits], [Capacity], [NeededInstructors], [Label], [AdditionalInfo], [CustomField1], [CustomField2], [CustomField3], [CreatedBy], [ModifiedBy], [CreatedOn], [ModifiedOn]) VALUES (5, NULL, NULL, CAST(252.10 AS Decimal(18, 2)), CAST(300.00 AS Decimal(18, 2)), CAST(47.89 AS Decimal(18, 2)), 4, 0, 0, 0, 10, 2, N'470er Regatta', NULL, NULL, NULL, NULL, NULL, NULL, CAST(0x0000A347016D64CD AS DateTime), CAST(0x0000A347016D64CD AS DateTime))
INSERT [dbo].[Courses] ([CourseId], [Title], [Description], [NetPrice], [GrossPrice], [NetAmount], [Duration], [Currency], [CourseStatus], [Credits], [Capacity], [NeededInstructors], [Label], [AdditionalInfo], [CustomField1], [CustomField2], [CustomField3], [CreatedBy], [ModifiedBy], [CreatedOn], [ModifiedOn]) VALUES (6, NULL, N'Katamaran-Anfängerkurs', CAST(201.68 AS Decimal(18, 2)), CAST(240.00 AS Decimal(18, 2)), CAST(38.31 AS Decimal(18, 2)), 4, 0, 0, 0, 10, 2, N'Hobie-A', NULL, NULL, NULL, NULL, NULL, NULL, CAST(0x0000A347016DBEDC AS DateTime), CAST(0x0000A347016DBEDC AS DateTime))
INSERT [dbo].[Courses] ([CourseId], [Title], [Description], [NetPrice], [GrossPrice], [NetAmount], [Duration], [Currency], [CourseStatus], [Credits], [Capacity], [NeededInstructors], [Label], [AdditionalInfo], [CustomField1], [CustomField2], [CustomField3], [CreatedBy], [ModifiedBy], [CreatedOn], [ModifiedOn]) VALUES (7, NULL, N'Katamaran-Fortgeschrittenenkurs', CAST(260.50 AS Decimal(18, 2)), CAST(310.00 AS Decimal(18, 2)), CAST(49.49 AS Decimal(18, 2)), 3, 0, 0, 0, 6, 2, N'Hobie-B', NULL, NULL, NULL, NULL, NULL, NULL, CAST(0x0000A347016E07EE AS DateTime), CAST(0x0000A347016E07EE AS DateTime))
INSERT [dbo].[Courses] ([CourseId], [Title], [Description], [NetPrice], [GrossPrice], [NetAmount], [Duration], [Currency], [CourseStatus], [Credits], [Capacity], [NeededInstructors], [Label], [AdditionalInfo], [CustomField1], [CustomField2], [CustomField3], [CreatedBy], [ModifiedBy], [CreatedOn], [ModifiedOn]) VALUES (8, NULL, N'Anfänger-Surfkurs', CAST(197.47 AS Decimal(18, 2)), CAST(235.00 AS Decimal(18, 2)), CAST(37.52 AS Decimal(18, 2)), 4, 0, 0, 0, 10, 3, N'Surf 1', NULL, NULL, NULL, NULL, NULL, NULL, CAST(0x0000A347016E649D AS DateTime), CAST(0x0000A347016E649D AS DateTime))
INSERT [dbo].[Courses] ([CourseId], [Title], [Description], [NetPrice], [GrossPrice], [NetAmount], [Duration], [Currency], [CourseStatus], [Credits], [Capacity], [NeededInstructors], [Label], [AdditionalInfo], [CustomField1], [CustomField2], [CustomField3], [CreatedBy], [ModifiedBy], [CreatedOn], [ModifiedOn]) VALUES (9, NULL, N'Fortgeschrittenen-Surfkurs', CAST(222.68 AS Decimal(18, 2)), CAST(265.00 AS Decimal(18, 2)), CAST(42.31 AS Decimal(18, 2)), 3, 0, 0, 0, 6, 2, N'Surf 2', NULL, NULL, NULL, NULL, NULL, NULL, CAST(0x0000A347016EAF6D AS DateTime), CAST(0x0000A347016EAF6D AS DateTime))
INSERT [dbo].[Courses] ([CourseId], [Title], [Description], [NetPrice], [GrossPrice], [NetAmount], [Duration], [Currency], [CourseStatus], [Credits], [Capacity], [NeededInstructors], [Label], [AdditionalInfo], [CustomField1], [CustomField2], [CustomField3], [CreatedBy], [ModifiedBy], [CreatedOn], [ModifiedOn]) VALUES (10, NULL, N'Anfänger-Kitesurf-Kurs', CAST(184.87 AS Decimal(18, 2)), CAST(220.00 AS Decimal(18, 2)), CAST(35.12 AS Decimal(18, 2)), 4, 0, 0, 0, 10, 3, N'Kite 1', NULL, NULL, NULL, NULL, NULL, NULL, CAST(0x0000A347016EE600 AS DateTime), CAST(0x0000A347016EE600 AS DateTime))
INSERT [dbo].[Courses] ([CourseId], [Title], [Description], [NetPrice], [GrossPrice], [NetAmount], [Duration], [Currency], [CourseStatus], [Credits], [Capacity], [NeededInstructors], [Label], [AdditionalInfo], [CustomField1], [CustomField2], [CustomField3], [CreatedBy], [ModifiedBy], [CreatedOn], [ModifiedOn]) VALUES (11, NULL, N'Fortgeschrittenen-Kitesurf-Kurs', CAST(214.28 AS Decimal(18, 2)), CAST(255.00 AS Decimal(18, 2)), CAST(40.71 AS Decimal(18, 2)), 3, 0, 0, 0, 6, 2, N'Kite 2', NULL, NULL, NULL, NULL, NULL, NULL, CAST(0x0000A347016F121B AS DateTime), CAST(0x0000A347016F121B AS DateTime))
INSERT [dbo].[Courses] ([CourseId], [Title], [Description], [NetPrice], [GrossPrice], [NetAmount], [Duration], [Currency], [CourseStatus], [Credits], [Capacity], [NeededInstructors], [Label], [AdditionalInfo], [CustomField1], [CustomField2], [CustomField3], [CreatedBy], [ModifiedBy], [CreatedOn], [ModifiedOn]) VALUES (12, NULL, N'Intensivkurs für Optimist 1', CAST(327.73 AS Decimal(18, 2)), CAST(390.00 AS Decimal(18, 2)), CAST(62.26 AS Decimal(18, 2)), 3, 0, 0, 0, 5, 2, N'Sonderkurs - Optimist 1', NULL, NULL, NULL, NULL, NULL, NULL, CAST(0x0000A347016FC295 AS DateTime), CAST(0x0000A347016FC295 AS DateTime))
SET IDENTITY_INSERT [dbo].[Courses] OFF
/****** Object:  Table [dbo].[BankAccountDatas]    Script Date: 06/12/2014 21:42:56 ******/
SET IDENTITY_INSERT [dbo].[BankAccountDatas] ON
INSERT [dbo].[BankAccountDatas] ([BankId], [BankNo], [BankName], [AccountNo], [Bic], [Iban], [Sepa]) VALUES (2, N'10040061', N'Nicht gefunden', N'7792119 ', N'Nicht gefunden', N'Nicht gefunden', 0)
INSERT [dbo].[BankAccountDatas] ([BankId], [BankNo], [BankName], [AccountNo], [Bic], [Iban], [Sepa]) VALUES (3, N'20020200', N'Nicht gefunden', N'8568266 ', N'Nicht gefunden', N'Nicht gefunden', 0)
INSERT [dbo].[BankAccountDatas] ([BankId], [BankNo], [BankName], [AccountNo], [Bic], [Iban], [Sepa]) VALUES (4, N'24060300', N'Nicht gefunden', N'7761480 ', N'Nicht gefunden', N'Nicht gefunden', 0)
INSERT [dbo].[BankAccountDatas] ([BankId], [BankNo], [BankName], [AccountNo], [Bic], [Iban], [Sepa]) VALUES (5, N'59291200', NULL, N'2937534 ', NULL, NULL, 0)
INSERT [dbo].[BankAccountDatas] ([BankId], [BankNo], [BankName], [AccountNo], [Bic], [Iban], [Sepa]) VALUES (6, N'80040000', NULL, N'9076833 ', NULL, NULL, 0)
INSERT [dbo].[BankAccountDatas] ([BankId], [BankNo], [BankName], [AccountNo], [Bic], [Iban], [Sepa]) VALUES (7, N'84055050', NULL, N'7904414 ', NULL, NULL, 0)
INSERT [dbo].[BankAccountDatas] ([BankId], [BankNo], [BankName], [AccountNo], [Bic], [Iban], [Sepa]) VALUES (8, N'74250000', NULL, N'6742190 ', NULL, NULL, 0)
INSERT [dbo].[BankAccountDatas] ([BankId], [BankNo], [BankName], [AccountNo], [Bic], [Iban], [Sepa]) VALUES (9, N'74391400', NULL, N'3147190 ', NULL, NULL, 0)
INSERT [dbo].[BankAccountDatas] ([BankId], [BankNo], [BankName], [AccountNo], [Bic], [Iban], [Sepa]) VALUES (10, N'25651325', NULL, N'5615923', NULL, NULL, 0)
INSERT [dbo].[BankAccountDatas] ([BankId], [BankNo], [BankName], [AccountNo], [Bic], [Iban], [Sepa]) VALUES (11, N'64150020', NULL, N'4385228 ', NULL, NULL, 0)
INSERT [dbo].[BankAccountDatas] ([BankId], [BankNo], [BankName], [AccountNo], [Bic], [Iban], [Sepa]) VALUES (12, N'67092300', NULL, N'3781481 ', NULL, NULL, 0)
INSERT [dbo].[BankAccountDatas] ([BankId], [BankNo], [BankName], [AccountNo], [Bic], [Iban], [Sepa]) VALUES (13, N'57051001', NULL, N'2679970 ', NULL, NULL, 0)
INSERT [dbo].[BankAccountDatas] ([BankId], [BankNo], [BankName], [AccountNo], [Bic], [Iban], [Sepa]) VALUES (14, N'75051040', NULL, N'4167601 ', NULL, NULL, 0)
INSERT [dbo].[BankAccountDatas] ([BankId], [BankNo], [BankName], [AccountNo], [Bic], [Iban], [Sepa]) VALUES (15, N'53361724', NULL, N'4346447 ', NULL, NULL, 0)
INSERT [dbo].[BankAccountDatas] ([BankId], [BankNo], [BankName], [AccountNo], [Bic], [Iban], [Sepa]) VALUES (16, N'72051840', NULL, N'2102793 ', NULL, NULL, 0)
INSERT [dbo].[BankAccountDatas] ([BankId], [BankNo], [BankName], [AccountNo], [Bic], [Iban], [Sepa]) VALUES (17, N'72151880', NULL, N'1151742 ', NULL, NULL, 0)
INSERT [dbo].[BankAccountDatas] ([BankId], [BankNo], [BankName], [AccountNo], [Bic], [Iban], [Sepa]) VALUES (18, N'76026000', N'Nicht gefunden', N'8213851 ', N'Nicht gefunden', N'Nicht gefunden', 0)
INSERT [dbo].[BankAccountDatas] ([BankId], [BankNo], [BankName], [AccountNo], [Bic], [Iban], [Sepa]) VALUES (19, N'31010833', NULL, N'5400465 ', NULL, NULL, 0)
INSERT [dbo].[BankAccountDatas] ([BankId], [BankNo], [BankName], [AccountNo], [Bic], [Iban], [Sepa]) VALUES (20, N'48020151', NULL, N'2534773 ', NULL, NULL, 0)
INSERT [dbo].[BankAccountDatas] ([BankId], [BankNo], [BankName], [AccountNo], [Bic], [Iban], [Sepa]) VALUES (21, N'20030000', N'Nicht gefunden', N'6851122 ', N'Nicht gefunden', N'Nicht gefunden', 0)
INSERT [dbo].[BankAccountDatas] ([BankId], [BankNo], [BankName], [AccountNo], [Bic], [Iban], [Sepa]) VALUES (22, N'30220190', NULL, N'4299220 ', NULL, NULL, 0)
INSERT [dbo].[BankAccountDatas] ([BankId], [BankNo], [BankName], [AccountNo], [Bic], [Iban], [Sepa]) VALUES (23, N'60420000', NULL, N'9342890 ', NULL, NULL, 0)
INSERT [dbo].[BankAccountDatas] ([BankId], [BankNo], [BankName], [AccountNo], [Bic], [Iban], [Sepa]) VALUES (24, N'67020020', NULL, N'2237186 ', NULL, NULL, 0)
INSERT [dbo].[BankAccountDatas] ([BankId], [BankNo], [BankName], [AccountNo], [Bic], [Iban], [Sepa]) VALUES (25, N'76026000', NULL, N'1875411 ', NULL, NULL, 0)
INSERT [dbo].[BankAccountDatas] ([BankId], [BankNo], [BankName], [AccountNo], [Bic], [Iban], [Sepa]) VALUES (26, N'37060590', NULL, N'7435063 ', NULL, NULL, 0)
INSERT [dbo].[BankAccountDatas] ([BankId], [BankNo], [BankName], [AccountNo], [Bic], [Iban], [Sepa]) VALUES (27, N'40010111', NULL, N'4581444', NULL, NULL, 0)
INSERT [dbo].[BankAccountDatas] ([BankId], [BankNo], [BankName], [AccountNo], [Bic], [Iban], [Sepa]) VALUES (28, N'20030000', NULL, N'6762638 ', NULL, NULL, 0)
INSERT [dbo].[BankAccountDatas] ([BankId], [BankNo], [BankName], [AccountNo], [Bic], [Iban], [Sepa]) VALUES (29, N'70090500', NULL, N'2820863 ', NULL, NULL, 0)
INSERT [dbo].[BankAccountDatas] ([BankId], [BankNo], [BankName], [AccountNo], [Bic], [Iban], [Sepa]) VALUES (30, N'25050000', NULL, N'1127197', NULL, NULL, 0)
SET IDENTITY_INSERT [dbo].[BankAccountDatas] OFF
/****** Object:  Table [dbo].[Adresses]    Script Date: 06/12/2014 21:42:56 ******/
SET IDENTITY_INSERT [dbo].[Adresses] ON
INSERT [dbo].[Adresses] ([AdressId], [AddressLine1], [AddressLine2], [AddressLine3], [Street], [ZipCode], [City], [Country], [State]) VALUES (2, N'Mohrenstrasse 58, 88499 Altheim', NULL, NULL, N'Mohrenstrasse 58', N'88499', N'Altheim', NULL, NULL)
INSERT [dbo].[Adresses] ([AdressId], [AddressLine1], [AddressLine2], [AddressLine3], [Street], [ZipCode], [City], [Country], [State]) VALUES (3, N'Fasanenstrasse 6, 20253 20253 Hamburg-Lokstedt', NULL, NULL, N'Fasanenstrasse 6', N'20253', N'20253 Hamburg-Lokstedt', NULL, NULL)
INSERT [dbo].[Adresses] ([AdressId], [AddressLine1], [AddressLine2], [AddressLine3], [Street], [ZipCode], [City], [Country], [State]) VALUES (4, N'Schoenebergerstrasse 40, 25792  Neuenkirchen', NULL, NULL, N'Schoenebergerstrasse 40', N'25792', N' Neuenkirchen', NULL, NULL)
INSERT [dbo].[Adresses] ([AdressId], [AddressLine1], [AddressLine2], [AddressLine3], [Street], [ZipCode], [City], [Country], [State]) VALUES (5, N'Stresemannstr. 40, 66459 Kirkel', NULL, NULL, N'Stresemannstr. 40', N'66459', N'Kirkel', NULL, NULL)
INSERT [dbo].[Adresses] ([AdressId], [AddressLine1], [AddressLine2], [AddressLine3], [Street], [ZipCode], [City], [Country], [State]) VALUES (6, N'Alt-Moabit 1, 06602 Naumburg', NULL, NULL, N'Alt-Moabit 1', N'06602', N'Naumburg', NULL, NULL)
INSERT [dbo].[Adresses] ([AdressId], [AddressLine1], [AddressLine2], [AddressLine3], [Street], [ZipCode], [City], [Country], [State]) VALUES (7, N'Luckenwalder Strasse 49, 26556 Schweindorf', NULL, NULL, N'Luckenwalder Strasse 49', N'26556', N'Schweindorf', NULL, NULL)
INSERT [dbo].[Adresses] ([AdressId], [AddressLine1], [AddressLine2], [AddressLine3], [Street], [ZipCode], [City], [Country], [State]) VALUES (8, N'Schaarsteinweg 26, 94344 Wiesenfelden', NULL, NULL, N'Schaarsteinweg 26', N'94344', N'Wiesenfelden', NULL, NULL)
INSERT [dbo].[Adresses] ([AdressId], [AddressLine1], [AddressLine2], [AddressLine3], [Street], [ZipCode], [City], [Country], [State]) VALUES (9, N'Neuer Jungfernstieg 43, 84307 Eggenfelden', NULL, NULL, N'Neuer Jungfernstieg 43', N'84307', N'Eggenfelden', NULL, NULL)
INSERT [dbo].[Adresses] ([AdressId], [AddressLine1], [AddressLine2], [AddressLine3], [Street], [ZipCode], [City], [Country], [State]) VALUES (10, N'Meinekestraße 80, 49459 Lembruch', NULL, NULL, N'Meinekestraße 80', N'49459', N'Lembruch', NULL, NULL)
INSERT [dbo].[Adresses] ([AdressId], [AddressLine1], [AddressLine2], [AddressLine3], [Street], [ZipCode], [City], [Country], [State]) VALUES (11, N'Eichendorffstr. 56, 72149 Neustetten', NULL, NULL, N'Eichendorffstr. 56', N'72149', N'Neustetten', NULL, NULL)
INSERT [dbo].[Adresses] ([AdressId], [AddressLine1], [AddressLine2], [AddressLine3], [Street], [ZipCode], [City], [Country], [State]) VALUES (12, N'Hollander Strasse 56, 65558 Hirschberg', NULL, NULL, N'Hollander Strasse 56', N'65558', N'Hirschberg', NULL, NULL)
INSERT [dbo].[Adresses] ([AdressId], [AddressLine1], [AddressLine2], [AddressLine3], [Street], [ZipCode], [City], [Country], [State]) VALUES (13, N'Storkower Strasse 44, 56244 Freirachdorf', NULL, NULL, N'Storkower Strasse 44', N'56244', N'Freirachdorf', NULL, NULL)
INSERT [dbo].[Adresses] ([AdressId], [AddressLine1], [AddressLine2], [AddressLine3], [Street], [ZipCode], [City], [Country], [State]) VALUES (14, N'Schaarsteinweg 26, 93145 Nittenau', NULL, NULL, N'Schaarsteinweg 26', N'93145', N'Nittenau', NULL, NULL)
INSERT [dbo].[Adresses] ([AdressId], [AddressLine1], [AddressLine2], [AddressLine3], [Street], [ZipCode], [City], [Country], [State]) VALUES (15, N'Buelowstrasse 93, 56472 Großseifen', NULL, NULL, N'Buelowstrasse 93', N'56472', N'Großseifen', NULL, NULL)
INSERT [dbo].[Adresses] ([AdressId], [AddressLine1], [AddressLine2], [AddressLine3], [Street], [ZipCode], [City], [Country], [State]) VALUES (16, N'Budapester Strasse 40, 14797 Damsdorf', NULL, NULL, N'Budapester Strasse 40', N'14797', N'Damsdorf', NULL, NULL)
INSERT [dbo].[Adresses] ([AdressId], [AddressLine1], [AddressLine2], [AddressLine3], [Street], [ZipCode], [City], [Country], [State]) VALUES (17, N'Rankestraße 89, 85302 Gerolsbach', NULL, NULL, N'Rankestraße 89', N'85302', N'Gerolsbach', NULL, NULL)
INSERT [dbo].[Adresses] ([AdressId], [AddressLine1], [AddressLine2], [AddressLine3], [Street], [ZipCode], [City], [Country], [State]) VALUES (18, N'Ingelheimer Straße 85, 55116  Mainz', NULL, NULL, N'Ingelheimer Straße 85', N'55116 ', N'Mainz', NULL, NULL)
INSERT [dbo].[Adresses] ([AdressId], [AddressLine1], [AddressLine2], [AddressLine3], [Street], [ZipCode], [City], [Country], [State]) VALUES (19, N'Franz-Kafka-Straße 77, 50733 Köln', NULL, NULL, N'Franz-Kafka-Straße 77', N'50733', N'Köln', NULL, NULL)
INSERT [dbo].[Adresses] ([AdressId], [AddressLine1], [AddressLine2], [AddressLine3], [Street], [ZipCode], [City], [Country], [State]) VALUES (20, N'Wormser Straße 35, 01257 Dresden', NULL, NULL, N'Wormser Straße 35', N'01257', N'Dresden', NULL, NULL)
INSERT [dbo].[Adresses] ([AdressId], [AddressLine1], [AddressLine2], [AddressLine3], [Street], [ZipCode], [City], [Country], [State]) VALUES (21, N'Wehrhofstraße 63, 30163 Hannover', NULL, NULL, N'Wehrhofstraße 63', N'30163', N'Hannover', NULL, NULL)
INSERT [dbo].[Adresses] ([AdressId], [AddressLine1], [AddressLine2], [AddressLine3], [Street], [ZipCode], [City], [Country], [State]) VALUES (22, N'Emdener Straße 21, 41179 Mönchengladbach', NULL, NULL, N'Emdener Straße 21', N'41179', N'Mönchengladbach', NULL, NULL)
INSERT [dbo].[Adresses] ([AdressId], [AddressLine1], [AddressLine2], [AddressLine3], [Street], [ZipCode], [City], [Country], [State]) VALUES (23, N'Sedanstraße 61, 24103 Kiel', NULL, NULL, N'Sedanstraße 61', N'24103', N'Kiel', NULL, NULL)
INSERT [dbo].[Adresses] ([AdressId], [AddressLine1], [AddressLine2], [AddressLine3], [Street], [ZipCode], [City], [Country], [State]) VALUES (24, N'Uhlfelderstraße 103, 68309 Mannheim', NULL, NULL, N'Uhlfelderstraße 103', N'68309', N'Mannheim', NULL, NULL)
INSERT [dbo].[Adresses] ([AdressId], [AddressLine1], [AddressLine2], [AddressLine3], [Street], [ZipCode], [City], [Country], [State]) VALUES (25, N'Monisstraße 55, 59069 Hamm', NULL, NULL, N'Monisstraße 55', N'59069', N'Hamm', NULL, NULL)
INSERT [dbo].[Adresses] ([AdressId], [AddressLine1], [AddressLine2], [AddressLine3], [Street], [ZipCode], [City], [Country], [State]) VALUES (26, N'Oberfeldstraße 60, 52078 Aachen', NULL, NULL, N'Oberfeldstraße 60', N'52078', N'Aachen', NULL, NULL)
INSERT [dbo].[Adresses] ([AdressId], [AddressLine1], [AddressLine2], [AddressLine3], [Street], [ZipCode], [City], [Country], [State]) VALUES (27, N'Nahestraße 83, 48143 Münster', NULL, NULL, N'Nahestraße 83', N'48143', N'Münster', NULL, NULL)
INSERT [dbo].[Adresses] ([AdressId], [AddressLine1], [AddressLine2], [AddressLine3], [Street], [ZipCode], [City], [Country], [State]) VALUES (28, N'Nobelring 55, 37077 Göttingen', NULL, NULL, N'Nobelring 55', N'37077', N'Göttingen', NULL, NULL)
INSERT [dbo].[Adresses] ([AdressId], [AddressLine1], [AddressLine2], [AddressLine3], [Street], [ZipCode], [City], [Country], [State]) VALUES (29, N'Hansenweg 70, 85057 Ingolstadt', NULL, NULL, N'Hansenweg 70', N'85057', N'Ingolstadt', NULL, NULL)
INSERT [dbo].[Adresses] ([AdressId], [AddressLine1], [AddressLine2], [AddressLine3], [Street], [ZipCode], [City], [Country], [State]) VALUES (30, N'Mendelssohnstraße 54, 38100 Braunschweig', NULL, NULL, N'Mendelssohnstraße 54', N'38100', N'Braunschweig', NULL, NULL)
SET IDENTITY_INSERT [dbo].[Adresses] OFF
/****** Object:  Table [dbo].[__MigrationHistory]    Script Date: 06/12/2014 21:42:56 ******/
INSERT [dbo].[__MigrationHistory] ([MigrationId], [ContextKey], [Model], [ProductVersion]) VALUES (N'201406101833559_AutomaticMigration', N'SealingSchoolWPF.Migrations.Configuration', 0x1F8B0800000000000400ED3DDB72DC3A72EFA9CA3F4CCD53B275D663CB2755675DF26E59B713D5DAB2A2917576F745059118897B38E484E4C8F249E56FF21779C8433E28BF10F08EFB8D206724A3FCE01101341A8D4677030D74FFDF7FFFCFE19F9ED6F1EC1166799426EFE76F5EBD9ECF6012A46194DCBF9F6F8BD5EF7F9AFFE98FFFF80F87A7E1FA6976D3D67B5BD6432D93FCFDFCA12836EF168B3C78806B90BF5A474196E6E9AA7815A4EB0508D3C5C1EBD77F58BC79B38008C41CC19ACD0EAFB64911AD61F507FAF3384D02B829B620FE948630CE9BEFA86459419D5D8035CC372080EFE74B0862841C2A48D3F897CBB35727A000F3D987380279591AAFE633902469010A84EABB2F395C16598A1A6CD007105F7FDB40546F05E21C364378D757D71DCDEB8372348BBE610B2AD8E645BA3604F8E66D439E05DDDC8AC8F38E7C8880A788D0C5B772D41511DFCF3F8419CCF3F98CEEEADD719C95D53814AE26E555DDF087195DFC43C716887BCA7F3FCC8EB771B1CDE0FB046E8B0CC43FCC2EB7777114FC197EBB4E7F85C9FB641BC73896084F54467C409F2EB37403B3E2DB155C11B89F87F3D9826CBDA09B778D9996F518CF93E2EDC17C768110017731EC1802A3C7B24833F8334C60060A185E82A280199ACFF31056246570607AACBAFC1825F04DDB2BE24444B9F9EC1378FA0893FBE2E1FD1CFD9CCFCEA22718B65F1A4CBE24115A86A851916DA14167075376F676F4CE1060088BD1BBF95BB439469547EFE7B8E29CB13B499178CDC6EF6789568A6B921D2E7A892595634720F9F543109443AD3580B140A320EC54B295B8D8C8B5B6DD5452ADECEF221D9DB3AA6ED0AFF165593DFF530C290A46EFE3FC0E24E3AF7AB8016D274768A1C0B24F86E5ECD6749C06BFC2F01A9986C85C4B6CD6340961B76B9AC4C56A79B320A65AE948B867A55CECD660F9BB444431D92CA4D3247402E70A823C1D81BF2FC063745FD18CD5A359D9FC0AC65571FE106DEA2D06CD67B76DD5B32C5D5FA5313B754D8DDB25FA2F2869914AAB5D83ECBE347B74513D4F7234B6004DB916BA787531CA7D2D25DA58551EEADA12A0A5A3F1C2AF1BEE74BDD728D82CF3BEE554ABFB3A2AE2F1B5EB09CC832CDAD43BD991FBBA80C5651605BD988141B406F17C7699A15FCDF1C64FF3D93200254579E49577F033DA71E7E37681C6F0615DDA23A3F570B2CD003E1D224E536C30B6590693A0DF619432A6FF680AADE2FE7233B1CD4988448129D40C8651910F1C28D88000DBB2D941B9803084612F220722F511DCC1788A5D7E54720A88CF93D5F8E6F17125F0CF221887E31F97609D8D7F5C827536FE7109E2FA521F1C8DBFF9476A375A459374D50CEA73C29A907A386AB4541881973148D0E072AE75D5D86C74CDDEB0E256606C2A7E2D534BF0DFB6C8005A45418DA40C5FBA26832F5941842F55CB81F9D78CDDDA0A6CDAEF8131D860626F136200A6320DC751C792EDA4E5EED12B49AF24BD92DC2725E95239B66A44AE1C5B95647E4C22D38C0DF85BA2368D30A7924043F26A0ED292F8E98DB18AEC1BEF543FF668D82847B2F5549AF123C88B49BC12675136554F10DE80780B4F4027A19C9F39B47D2C8B70B43EBCBAF7EA5ED89957F78ED57D7B8788A3413147405BABD79C4C21A331D91AA6FBDFD275ACC2ACAEC3C5AB2C926155959BE2749C2605080A155A5D352E664DA90CB9B68A397E9A671CD69611DF9C93D9500ECF3B300A89CF3C84956404D738FB90E17E9D81A824C087A0881E2B03448E3D5B9F8B3F5D4D3602A6EEC0F39B8A012D2FE460AD777C7653E161776AD3359DCC9507E3F1AD03D4C9F85601EA647C6BE00C3C8D4F2ED4C9F8E4FA05DE2D23E717F03827706B108D6F5BFF029222AFBABA488B4EA69A5D341240457C650F535BF611BAC042FA11ED772AFF084C6CA4200360B24B4B0F6936CDC679924EA6BC3F719EE75B04D9E6ACFD3C3F4DCA090D87AE56BF8BF7BB7861677E173FCAA1BD5317B1E0D45EB0A172756A3F707F4723ADDE09EA22BE2CB6A5E2E263DD144A50E6D760F01554E321AB6DCC34302DCC98A6E54E0D9806071BD3056BEADD0AD63D7945EE15B9B033AFC8A73B8E6F75037B164F9630478454B1B353F8162E7D048F7F1722E3FCF0BD05CC3979A78A8438D99EB96B9C5B5B5B08225C5D5ED563CFA28D4D051AC44E6D061A191BE38107632A2BA27F9EF039BB1FF385C2E87DDC80E615C4989D5CC1FB5ED09A89EC63900430B66DDD5D84B4694C3318E796A6A88A3F8AF1169CB7E09483DABBFB938C83967D6A2AA8C29801A27AA6A64B7738A0836E5759826F6B9F28116E2B0EB25C8E526073B05136DBED7B7284C0F989B955D2B69BCA1299E484E1280349387A2FE33EF774FB8CF2139AAC2C0231C726A08B8C6DA50D88B272114EE0875A56985E6CD777307B510E366F51798B4AD899B7A81C5B54A5D2436DF9D13050D96D57018B7F817D67235EE08583ED8FAA672B130455D8B9158270B035449AA62FCA16418CFE958CDB60F7B0DF6B23AF8DD49D796DF4FCB4516B8073D5515BD86A17E2849F2964DCFF6C8D419EFF1E5563F5D436DDA97E6A91B039BFC7DBBE280DE577CB7EB7EC6D06015B799BC1DB0CD241ED7407CBBF1A606833D09B59B155616AD188F6D85D0F44450E8E58B9184DBCD2A0BD37818DB581B3EB3DB855C884096D9A49E33E4E613FF9170E5E857A15BA972A54FFD8759B4709CC7384BE95FB176BBE53E11F5908FF48B6F97B73F093D6441B8A3A10AEA3649AB7A3F0A9D44F209E46BA0698B8ABD20E4DD9E3C1E43DBE9DBCC71FA7E9114EC29BC514CFF357533C6A2FA68801B09AE2E53C9832371398323713983237D36F13254DC223708FD7C9444993F2119226B1BD7C8577F914B12156511E80F8AF106447F03EE2986A8646C31DC8A1DB83DE28794CA3005E6670153D8D4E8F10AE00B2FB2EC1B735DA2A9F40102233B19B063BB7F0DD54C990EEFA84581324446A16DC720383F18530D6D9F842F81160EF472799ADA9B86302B688A6C861957F8D56E32715F4873DFEB047D8993FEC19F3B0A7CEFE729116F0BC806B9B587404007FDA3F9963FE25E471EA5E308ED603053E459C666E6CDF80A11096307B448474972BB001E82A656003EE634A467EF31ADF6B7CAFF15FAAC61FA4EDBDA6975FF04B8AE14EF09ADA4E04FC4BB016FA2E2E41345E8A84F18D120B7B42FC22BA5B9192E8367DA55BB63E16AB4E5C8D4DD922A93BE8E6D119B4114CA895974852968BA3B09CE9C192E412223E480A700F8D78587BFEEB31C6766CD037F6DCB04B6D60C924BBDA284CB2D5B55B8006C9AE82748DC8735EFB71AC325E1110769CF68AC0C52EF7150362AAF5E5B7B77E7B2BECCC6F6FC7DCDE964BE1287DB2127F554B6F38C8A60B99F7985277C44F06935B8B723B5705D6DA4FB2F753ECD59180F753783F8537E4BC21C7EDE93B35E4ECF7B17BB07FDD731DEFC843D1DCDFAC0F7C9D48F8F268DF7B3CBCC783D1FCDBF535E2FD78AF63674832F35422499A0FB8AA714BD5C4F3F2702A703296F26A0D7C0A1EC5D770BD898195CB186FEE45B2D4B64DC20982932CB7777F8741D1CFE8C8FD1DA5E1B7913AD366E1CB70358083B1D69E81257DFDE5A158C73B9F6A240F1F400E3F67D562329F6CBCFD4EA79BC0C466EE1900DEFDE177CDF2CEFCAEF999EF9A6FAC42F6DFEC3862FFB0500DE30BB44767B76736AE6FCFA06D1176B7B3DBA99CE76731B8CF3B60E6373D1B50EEF8022D29A487E26F08163E6F24B93EC132425F339CD32F57F3D90D88B7E8F76B86B244D52FCB93AEEA1B967635956494AB327CB4910C87530F03B74B0AFE7CBABCFE70757D7AAD4BC70F473F9F1E5D7D3EFED7D30B113DE92647A7A71727580F07F2EA971F3F5C7CB9F8B9ABFED662B644B99B06CF1B1FB09F41B2878B9F4F3F9D7EC45BD84C221D3E74F0E49100773969DB04A2CA300F1EB2FFFDAFE4D7E216FD9983E2375403964195F46692DF4831975A1D2B2618993E0FA2A66FE54DD7DB3CBFCDE0066411D27AB75F21DA7B245DE31FE58DD14C6569D1F7F52F3A5CF521CFD320AA38A43B6CCB8B262F75738C46F6799A84332683357D9ED61FFFF59590E588F825DA200E41B2E1FDFC77CC7064A0BB78D43DE8F6948F04FBFAD52B468561A3D41E7C953A54033F3295A8C38113694831C047FD8B7C644881B1C6DF262BD5C094495EEA900A74E253FC64B92E724E042A9BAD0849516ADB1EC12E2999FEC8050971C7E57A225BAE0A3311BF0F18EC2E389DCEC9ABC251C2E30346BE43EEA6D2FDAA3015E5FE75420641C6600C385143D1859DBCD3A487B0C528D26F678411E58314E1AC4C0ED963CCA674D6278D2AB724B17EEA04960E978E30EBA436BA4C0ACA91C84267B0542F53576603330C0D2E67D11F6129319D7068A39A834144AA19F23206650FB73D666259236CC1231051D98446E25E3814D29E0663C2DC1278A88842D51613443D851AD085E2458FDCE6B4D05446DCDAFAB45073C5EE14D0519C06BFC2B03C265E6E40A2D23FFCEA3C5250354D6822E8641AE543778EAD445D7C3169382E6170B16B22430611884D5621425792B9A2C7B2CF50A54F07491A2D8CCE6D6246574B859B04438922372386A3E1F31269706073A8306C89E0193785BCCA4DBF494E8F11EFF33276AAA77B98292189482014E83AE109300986053A31D01A1A710DC63EC1E3DD0414DB87D26B81B8CC6AEE539BD89EB2CB842EA9507B37AB038328C1CF83D3342ECF0FCA12F8C4736D7FC961E317C81B5F3D3D9A12F21216DDAD9112558890ED3DAAD428187A9010CA331D5E73E6AC47058754395C90B4425380AC95360F52ABCEB5007416AC084E67342AC0E15B041616AE4595785547497C8CB053260518CA28658151A6A0025CB311E501EAF6A80A10D47E2DE24E1EBBA953B11692D85C7EAA348346E3CAF8E0B7AF34810244AB1E79307AB5AC0944800BA1825543C2729270C745A43C51F12211F192CB9254504D6D8072604A4067900BA10AA5A268DA074EE141C063B228973C117581BFEEA948154A90D5C36C01ACE6B9B71246F7F6970F067B58AC074A024683B5FB3BF17CDEC6AFDC2B8061D79379B088BBCF2A50F88D512E30F276AD02DC0D5F0ADD7084106617F0D447EBC99A61F5182DC2757769FA7B3BD429A5B53001D65A4618B0DEDCA0EFB7912336A346E5E692D382F58469B97F87D181708361A01A93C925095AAF979C0A5CDF98AE1378182D68C71806ADB766065384F2F472A821F305EB788331BC7B7B47420281FF779C3541F87D258357AC06AE67D876E0632F02DAEF2B19B69AFD45CE61DBC14FCBF5B43D2FA684EC38DAC45B6C4B17C12934068E1E8B4B61A9A693A61BD9D0913C4C82EE806622A73187625AFE65230F333630DEB65042349553995885CD11817B5A757B5E0D6271FDCE669E6787E4A29DCD1AAB7CD8826477F4D2252977491B3BA5872D4BA11BDA68422CE827763F73A8A7E9AB36F456330BA93F2A93104FED9FD69B116B9AD19E6921BDA42E6C0327B65AE018F8ACB5896E4F1FB582D4706B1B38B6EDE8B303852870627308A4E3EE367178E3963373522EA195C2C53D8A2A9478B6352825F2839B7AC25D518CE3FB1E4D3EB12E6F0EC1147E714DCF383606EC7C5A4217B12F1CA77487B73B5A1047DB127208BDE5FAFE727BA2F03CE41C688E684338C6796B4AE83857BBCEA9D9542C169EB37C1C7E9046EDE768285D97BAB1531D9799B8AF42A6B134DCE8631D937203E9F0EC6BA59FDDC0D34E48C8D6412035A865BEF561A4695F0B77FEF4AEEC70B10C1EE01A341F0E17A84A003705321BAA3774795BF0096C36A589D5B76CBECC908A08CA09FEFD723E7B5AC749FE7EFE50149B778B455E81CE5FADA3204BF37455BC0AD2F50284E9E2E0F5EB3F2CDEBC59AC6B188B80A033EDFDEF7A423A06DC43AAB4D4DB213C8BB2BCF2F9968970E7B3E370CD54636F0F08BC156D7FD4050176EE5A3F46DBA0FCDDC6EEA15E2496DDBEE2B3544FCB3334BC327C5A3552C8CC39DB10352D435B818C098551D62F437C1CA7F1769DD05F693E9441C2337E93D0F0122B88074288CC83444D886F851099778A3288CB2283E5B2C361B5DFF4A1FCAD4DF38D83E93EEAC339AE0E047020C71CA7BF14429BA39B00D27E34A14BE53524C9C271245610161457D3EB67C12C204A9ED10B526BB9D6A7EAC3D72A7D7BC77CD12A2188A85C36A4D76EFB4D7FAE8E9AB4C33494F29B2114B0861C38800D6722838425C8269668FFD900AB28A0102A3FE8B73FAF7225E300EA2F062B016E00B510AA2FFBB30EE81D9F832541DD3EB358122A08C209271B32AB832D36126A6D706B4AB0B59FF5617571AD7148DD477D385710E429C5A2EDB7BD61B1F6BC643867F1CF8634184AD450A208517D9A7DFAAFFA33741D153135CFCD277D1827300FB26853DF2DC4211105FAF0FA10B738B0FEAB3E243C962D0E0BFF6E84571B4F9642ACFD6C40B36D063804EBBE1A18455D70248217BAAF46E615162C88E5ACB6C40062B547A681B51F0DE000B43B63CDC7EEABC91CC21086C4611F39974CB13EEC263E200EAFF964B40920A2FF51DB00A2CC8447F0207F249FE02556100F84108DB63F64B83E0144A3ED0F16938FE2BFF6B33E2C3CEA1E0E0CFF6E8CD9E7848BD967A3F58FC7DAE361C687B6535D2BF1C3D9A9DCF6E2BEADE615B6978BCAA6195F0F6385BB14C1FB68167A41E905A51166DF9FA094DFEC3095926257AC86889435169E4C746D68E1489698C88CBC604F70FAAFFA90AA33761614F6D90016845550B71340B13B51600E6F59847C78558197B45ED27A49EBCC246DEE6FBB3046FB379B36A6A8A4B5D860AC1AB12668F7D9E02C08C6D452ACBF1841386020182D3954FF2D03C168899D81276A14F5172308070C04A351FC02EF96116D28771F0D0CEE358828F1DD7C32C00524455EB5BA480BEC1130819AA08E612F68AA147D3035F6460C286F409A0A03F2CDB5B93850B4174D04D18C160B4CA1C13EF221CD385613F6D9E0108E01630AC1F591F3799E6FD164B0BB5BA2C004DE695246BDA78DDFFEB3B7E1BC0DE76D3847C2BB7BCD325C6C0B5EF068086C614BF1D15CD58016D2D8E7E7BE3DF6A2CB8B2E23CCBE3FD1C57952365C88A91ED66948333508E1168E6A49CB375EB98D4BFF73762FF2EA5745E6170E188844813EBC2EF12C03902C31B94873DFE766226FD36005260EF52480311F245D66E16B62815245060702829C38328E32F7927945E515951166DF9FA2AADF100DD74D55B036737DC46F26A26C59FBFC84BA5DD97C9BF29CE22803097DC9B3FEA40F83737FCDF8EA9ABB4B62747A2B826FA93213FDB6015156CA6FF6BA285E6272B3B9C4E4625BE661A26F38E325BB3B73F23AC7EB1C23CCBE4F9D2378186DA376388F6835350FB7A54CF9A0063CFDD37C9E5205212EF9CABBB68C7FF742D00B412F04F75408F6010C864BC12E4AB1B918143755998AF40110FEDD1BE3DE18B731C6BDDEF07AC308B3EF576F3832A02551790CB4879121CDDC1D3612D5CE9F250E5640FE568817803AB0BC0074737A40A4C770708480A7D3B03847903617513CA2844564242540B88E12CE2D52FCBB3E34F884843892081CD94315E9C30C3099F0218E0065C5728AAD601FC8611F0C81FD560EFBED10D83FCA61FF680C1BB2CC004DF9A0602E8A178617C557CC25ED95E125ED82B96A5E185E355F31D7BC5786D7BC8130AA14B08C2A058451A580655429208C2A052CA34AFDC68B07F59B793C28F641BFE963FE80170F2A308F0795B3F1A072513C28118CAFF02E67AEFC771F0DB832CAD1E7BF42901DC1FB8852B34CA13EDC32A01CFFE0812CD18718D521FE2E33B88A9E28254516E9C30CE10A6CE3E2127C2B55E8090421D2C3145145754C68C18B067567110DEAAE0F8E454784A28A8CB97AB981C11B2E6B372556100F84108DA4CA2360AEAD369FEC68C79D0CA2D07076399361360B11135B2B328CAD957F8D5694CFA5F9E477797E97E77779AEDE6F52790B87EFF3A83C87E63B3D158071CEBBDCB915F6350057777B5670A9D6482A72009943A972FE51B8183A461E111144415A985263C8DC902D749931D48F29EF852753E8F59CD7735ECF39D7736E75DC20FD36956E43AA222968BF49F7D1887B10E6AC44C4BF3F7F3DD9B7BA04F4F9315DB61BEDABAB3777B4D6AA7CD1C317599958DA7C75715B8DB3AC6E10D6E15996AEE9C9E83E1B2C5198056838E09EBE1E837DDF9B09C6F3820F9F672C8FB8F974CB1A8F33EBEEC496DD9C8F6904BADE7098AF8F9D058CA312D40F676B3AA1BD396F2B2108199C6CC80691638AFD5EC3EF35FC5EC3993059A547E993232952C1B2921E8296E3A8C54F30CF194DD67DDCA3B9A9659EA3C34E0C9CD514495AFB634E7FCCE98F39BDE9E14D0F6F7A98AA3787AACD5EAD3DB7D3CDE64A4C9D6D9395879C6213D81147C4F65F9FBFDA7D39A7A642B5B65D5FA705883924A38AC634C776F61C268AAFE17A1303371E141C9ED5831859F371E4CC122621FB00AFFE66C245777F8741D1214FF11155A80FF7280DBFF18192257BC35197E1CA254361E02CF849DA7A1C76FACB43B18EF9334615EDCF946DB3E001E4F0738698DEC9A4E1006DA64DDE5EA88DF166F42C32857E83E237287E83E24884DCB80983766315058DDB4A44D6614FC71EF9BEAF471BDFF046E027DCECD437FC21CFD320AA0E7124F9976E9BACF5064996BA26FAA9941007858C0F8C82775BEFDC386C2390C365235A3934A0FA429AEE25D53A546CB05CA648FFF04C1881A7CF2E539414CDE334A9F5CCEC3CBFD8C671F9B42BCEA111250E175CFEB062A132D1B81103D50D5CB14F09CD907944C9DB6F4519DCEDD9A602FB5C98464203970CD3E4EF31E299AE8D2BB669001A728E3C23D1AD2433913D0BB5C09F0B1729893198979A2402DACA8BAEAF99DC80332D24A4BDD459148A665C639EB561FF55554B103D3D45D61ECE297BA89E08D4F69F3FC6D44A2D29B45512D3603887ECB926A2D1DC7F86994E015179D5B4B9876E276022699634C95491E09DCED8ADEDCC69636BB60CF433C2DD2AF3C389F17769FD9AF28CA4A9D81636E51C612723589DB7030C5013CC5F2423D1D9409090DB66A50034CD9AD33534CD8DC39903016C638D563662155A05AA2F1CC82F225CCDF8DC451A20178A4E4A1BF7CCD61A37E6DCD6B51C83DD5A4D62C66F93293A21BECF91E794E471A92B19E630D1966C63576747CC849A319EE94432FDB9559B2C7B3E9383260B3A0D66CE5AD65EC6A0EC07B364340C394953365B3A56D5884B859D18CE2A89015727B79D305507B2A6780866CB6C545BD4112391C4D36622A6999481B4D986026BC53263DB6F7C4C6D2C4D1DE67E9E765B03DF74A72968C6E72DD31D2617F83E73D8F7B09B3C8AD3E0571896692B971B90686F2645ED98A8C0643D0D36E143DECB9DA400553396A68030C7FE6CF1F3134734A13083C698D3F0B6EEB90DB78AF7C7D63045FDF971A026910673629BA8E1B6CBBDA69D19026B224AFF20C8A5C6993C06A8E19CA9920FDDCAB21019321A8BABA137539A30EE5692386E44C5C710AA9C377D5E205AE9E69292D11603682A79042C50427239FB385CB7CC3A8E4891D361B84E436CDBF2AE8616236AEB64FFE5497C0CC81EAC41358E867AC820ABB1834B05AAA10FDF847571E46EFB9FBA3796A48DF523D6F1763762C84EAE3331409D5D6C92616E7864A9F132C88159AD4B090727E6D58BDEDBE67FFD3BDDDC669AEF85B987CA1C804EB88A84E8F07E370FE17D64263D02A839A97D3650DD8D891298D155BA7709CD97EEEFBCFD50F207B8879FD210C679DF0E31175C838A28F90604D5BE328467519697CFB1419988A1AE329F214A3C4621CC10637ECB0BB86E2EC7FC7B7C1C479593B0ADF00924D10AE6C575FA2B4CDECF0F5EBFFE693EABB2C2943C1DAFE6B3A7759CE4EFEAA4312049D2A21AFAFBF943516CDE2D1679D563FE6A1D05599AA7ABE25590AE17204C1707AFDFBC5DBC79B380E17A41376FC06A4179FD87164A9E8784CD87BD9B21789B64ACC33F4386235A4EB9822B6655D0134E373F14AEA71291327B45EB84AD63F31530BC044599DFA8645D58A13C9F957C58666DEB7871A1E804CF085377943C82F2A55EF64F6BF0F4CF3844B4BD330178E01AE05B270097450661E104D4DFDAF4320E601D775ED2A180DA4C334E68553D94358684BF81922EACA33EA146294A6C5698E882A96A7DB5ED465C5D474D7E0F073371D4A58171B1A6FA04302E508B022770CEAB4C262EB8166E400BE82E2A14D3A6CFABB2534A4D5E559DC969B02D0B62440EC6A25FD5BD84E87711957C6808A98B773510CE150479EA864F98E3738C90B465F1EE3C09E1D3FBF97F546DDFCDCEFF724B35FF6156BD6C7F377B3DFB4F63D6171DA39A612400A38F99F65A68FC46164B40ECAC50713E779E5C33FC7554C46E842C91CFD701BC3E1451B3826010AD415CDADCE8575E19CF6F90955DEE7550F181F1D0F1F844237581C6D0C6171AA987936D067092574C6208A30F13340046C5AC6D96FB0170AAB388612000DAD561D6A50D8C0B08431832B7A6EC8035B13BDC6C0E88C01D2E940211B7C32D40373B22326A870B807DDC0E07D0F0C01DEE90FB9CC82C0713BC4C2119EA44EED52D13D528BCC0A4AB213100232A4A57024ECBC2D4995F0D0353078C174E5E383D1FE1B43F9B1A6D3129BA15AD2723E5B74C540252B8B9722D1D3F82BC70765C531DC5BB8306E10D88B7F004746BC0B915DEF6B12CC2D1FAF082DA0BEAE72CA8198FA099A0A69A0F397D22E234986181351D8201E7E1BFA9DAA2000CC146EB7992197E1A204739A5ABA861EB5991846150EF447813E9FCB00EC66EA42B02E446AA22406EA4E9197872333404C8CDD07E8177CBC8CA1BC8D9ABAD41E44677FF029222AFC05DA445FFAC45DBFB238088E6D10E9EF6DA943CC3D15B9D8AE727EA35CA0018D38FF49066EE4C5867805C9FD19FE7F916097517E710E7F96952D60E87F0B2B791BD8DFC7C6C646DD9C90DD5A5273525D10F54F2126BFA7D9E1C7869E2A5C9F391267EC7BDAF3B6E6D392F0F31A427F075428BA824BF62FFEF5A05F417313E67F763DEC518BD8F2E9FD4989D5CC1CAE0BE8E7A3567ED3C0149006357D03AD7A60B60340F0EF7BC7A75EED5F97356E7FB737D93135ACD0C1706C008CA947DACAA796799FB9453E3A272D36E4445E96C6773948124740269DCFB932E6E26B6EFAB872B902BB80151562A2447C767CB0AB18BEDFA0E667B79BEE755A65799CF5965721ECF1BEE3E69002329AA6B3A1A8BBEAEBAE60705D051572C49F6566321E6FA4A5EA5B791E05E3E7AF9F8FDCA476D89C40F0CA42792C4C172D432096FFB1C849237A35FA619EDC5BA17EBCF47AC8BD7EA751352CCCCE6255B8F60F0E241E92C348CD545F871358AF3B7AFAE3494BF55E3C5E177260EF5F7DDDB3C4A609E7F4922AB83E2C8420E458CB9389F7D024F1F61725F3C202BEFE027E3D509C27594B8BB600A9F4A590862778B3EC056681512CB35D48351A0BE1D05EA8FEEA04267735EB8BA57BE72758BBB7075417DE5EA3A38701D390CB88E1C065C470EFBCD61B82F3C20C330400EC37DE596E1BE58485FE15DEEEAB1C02ACAD146FFAF106447F03E926A3F2D0551063474710210D5911D2F33B88A9E9C8C34842BB08D8B4BF06D8D0CEF1308C21831EF101CEF5C860DBBEB83B5390A1DD630EF72030337420403E846883C02CC9DEF8C7A2E67C4D15444AEA2AFE55FA3959BF08A7E9FE5F7592F709FD587973E2FE0FA859CF8B850A82F21C25977E375B41E48F0ABB8BCD66581E530004B983D2232BA0B0FD900741525B201F73125DF6F7A75E4D591009A574756E13CF7501521019F14C34EF86B9A3891442F41A9F55D5C82FEC4F619EACEC17A4F921AC4CCA9280434827FF10CBE94A57D03E2283CCBD2F5E0657909B3002101EEA109436893BC1E73FC72283FBA18B39B9031ADB449760B76FC6C106C2F48D7552A724E2A20DD887B0408BBB07B0C881159D5DBE9DE4E7F81767AC98247E9D30BD1279F90B183C97A83393420582D6DFC21DB4BDB8FF843367FC8E695B702A057DE7BA5BCEDEDEFFDD3430E4ED89A3B0E758A5127D2A83C9AF22776FEC48E5652DBF5755A8078FF5F148932C59A1D2CF2A18CF26A218AAFE17A138317E3395842444E374FA696DBBBBFC3A0E808E402E6511A7E1B00507B662FC3D50B9BD8BF3C14EB7812D26D4B9039AC569B0DF1080036946400F893366FAC7B63DD6411DFD8054A1AF6FE659405FAE8CC5FB619D75FD604BE1A1C149D13896BA16E45747B3B38B0FA74E1C0B4A64E313A33D4A4C00CD0B44817359839845976A76791DD24FCFD0ED8854C813828D51801EA56919C7108C3192676645131BC7A2203368875F686AB0DD965B0646142514E2F51A68986F91D4890361AC38030642D885B71F01F6E3B4E78365336E0766D46710E8841EC305DD0398369FF90E76910553DB2C2AB3E35A366FE34096757690CDB38F2ED2896305EBD6A3F7DDAC645B489A3F279E7FBF9EB57AFDE30D4E9E160EA0987857F26E1FD8E0186780766E5E600C4C769D90E20A2B28C162541B40131893F558DCB91FD2924C3BE8B0E2C5D720237E5415A52B0E3D4EFF356D675D703B53A54E4385C60F3AECD0E65B47D21331CF5CFFAAA3C6BF84C3265CF823D68AC75E6ACCD65301D9710291476CD214D12042193E089F8F0B924BE3F0BE610A614144C933087E098BCC1496EB1130E69F7F113E993362D120EA8FBF622340937F193B4C35DAB91960576A443A667891D690F13CED8BDEA68B9627ABD313D43EC466398F0C3BEA90B62939BDF2ED19E9CB93A6435A36F68721C7E4E4E600C0B38ABC38F961970F20084EC9E0E6DA3420506E4290A071DAAC228DC6632EF32278131A749CE90E4DD4B7D153B64BBFA6A9690EDC4B32D9DE6EF8005CD394171F8370D3B1A9D474EBFC532138AC6DBA391F852E4BDE2233505771A6EA5148E329B2D9C396BEA3BEE76CB94CF4A64EE1F6BEE56700E61D07D949D74C2C0C6B723D96B54C5E436A3FE64B4C3609276E210D9C291F61CEC50055327F1D9E9F38E3C51A9B46799D370276CC24FAE6DB5DF78069C32FD7EC18A57F665AF80E93E45725E47D3BCA7C7E05693A84E453CE6A138B3D0F5D09980A9C80B29FDB094563ED190A3B9BA92490C2AD1D523215E13386B702AE8EB24D92D277DFED4BA8AA58387C6DDABDDB2A9C2EEDF97CDE8FE31E8AE36A3435873BF36A38411D90C48EC697465E35B0ADE676ADDDB8AD15D9BF60D16662767DA2C32AA90121F4970CB5F109B991F3EEC33B33DAB13B1FD61BDDD9E84D932E23E9E821DC569F02B0CAFA3355C6E4032D52118D52D79A3832E7B11D28B1ED5F3915C348B085F8D0CB0E8F79E5D766589DBB0CD7E59E0DD75F9E67ABAD2C2EAB209E3B3DC7F9C44D5D18F1C78A87465A3301C3FA7B260C6A5EF28F4994DFAB443D1B5FC2DC76E184D615DF1265730A92F96CD4CA65AF8EC667426533EFC999AC5C42969D9C9154D2C6752156AD048323A9643BA53E5480419C99EEB266FF16ECC23C493B7FCC77056A246650AA5A060C0BC18E1500DE63949843E4E3D13B27EF4F70C58660A6243867D7E11AF1A441938047D4A7210ECC8275C451C23238F4DF078B28EA848EEBF9A6F2F822DB83123051D8A62C74DC010A7D5FBDAEAEE7C94C0ACDBDA87F02CCAF2EADE7F9971936188B2D5121604C5E6B3D3EEB52EC51CCBE001AEC1FB7978578687AADFFBD66530E7B009099D7944C374C3D4E0F54755D2E897DEBBB3FDD235B8FD9295D4FDB667564C776D01AF97BA4C1778E7E211F4D1958BBBEADC55AA1EF17315A63BBC90D717E6A8D5181AF6AE863330AC943FACAE82BA2FEA1C99E98D2AE7F5471EB62B7BEC6E69317D7525BC5E9A42357CF62E0FD3115B85D723552BD259E19595C82EAFEA33774DA1123DB0950DCB855C958880973B7425FC7E73C374D017F17A684BF5BBE00F83289575A4359CA36D8E74409E7F4922EE6C10C55CC2613534962B994993B362A90ADC454BD431E954DAA1AA33754765F220B687EA2B0F342A50C3C4F212B1A0F1425E0F7DB98EC82613CFF0E43655832FBC894A3AFDD6593278FD3525FC7EAA42AD0EFAAC12BC4EB0527E475D05EDBEC4FD48FBD0110D58085F9E6CC08BF9C2A1AFA1EE0E8F2BCBF64694F23AC32A68F4450462E5F4469673FBC3ABA87BBCE12AA01B91FEB9D1513FFC576B22F5AD6131F06A9AD85F2A4C8435E59699213EC24B6A725B5465290A2AEBE2A3A20DB796180F439A30C7E942552FB55CA84A6CBFD82E90C7206DAC8B19568FE10D6E400CEE294137CAFE13B3A5E5BB65B196F867DA79410EC76CA8554C07F940D9B00FE461277F5F5A61CD94EDCFC0DBB005F2B173831B90077CEC76ABC29BF8BEE36153315C384396457971C0D4D4AEAD6AD67D73363C112F8BE3978CC2C8D30C56C2BFD2C81C4E99779AA1F22F7F4A06AE715BD47618BC765CA58903A12A8C4598C695AE4F189EEF9D18A07864D221ED059194EFEEE592DF94878CE5B8A0B5984EC23A23924ACC52662FC89D73D56E09267A97CCA193D613664A28E307DF8D3CAE3F4908223AB8ACDAB385EE49D0094C0D1A085EAC3A10C9539341F69854BE6A54CF2F5D0D6A726B53F914924317B3E7939CE542B972B055D39548C8A2D88CB3D026229858FC9A3DE473A8A9F68154F45331217DA46FCA1C085D4BDEB31FB8B625A3FF6ECA1919C48A985B3E1249544B6627D6CA6E08247837C2218DCE0B13077C22B84A50EFB0E932E7C3C705919A04E2C704CE44E9B4E410DEF1E71043EF3D003118DA0B5C8DA2FF282183E0D49700D0958D4006B1C4D0BBAD4ECE29671002E4F7810884EB5C4200C90D63D16D6ACE007489A0C543361201BF06CC9301C26BC24EE618BFDFD13572A10825F75B797A50F73AAC83835FF6A241AD2BB0CF0EB660BCBB9BDCCD97F292A713070EE1F06E1442F34D7BB06DCE8FEE4E625776B8A87D5ECD07F427D233E01E7E4A4318E7D5D7C3C5D5362953E4D57F9DC03CBAEF411C2298090C883B905D9DF212417B3593C2A8AD42676B81050841013E6445B40241818A0344A3CAECBD01F11655395DDFC1F03CF9BC2D36DB020D19AEEF62629F5A5EE994F57FB860703EFCBCA90C381743B829530C2231F33939DA4671D8E17DC6C9C5220051DE156D921E96735994C90FEFBF75902ED244135043BEEE8A6B775DE073B2048FD006B72F39FC08EF41F00D7D7F8CAABB022220EA8920C97E781281FB0CACF30646DF1EFD8978385C3FFDF1FF01079CAA520D870200, N'6.1.0-30225')
INSERT [dbo].[__MigrationHistory] ([MigrationId], [ContextKey], [Model], [ProductVersion]) VALUES (N'201406111904155_InitialCreate', N'SealingSchoolWPF.Migrations.Configuration', 0x1F8B0800000000000400ED3DDB72DC3A72EFA9CA3F4CCD53B275D663CB2755675DF26E59B713D5DAB2A2917576F745059118897B38E484E4C8F249E56FF21779C8433E28BF10F08EFB8D206724A3FCE01101341A8D4677030D74FFDF7FFFCFE19F9ED6F1EC1166799426EFE76F5EBD9ECF6012A46194DCBF9F6F8BD5EF7F9AFFE98FFFF80F87A7E1FA6976D3D67B5BD6432D93FCFDFCA12836EF168B3C78806B90BF5A474196E6E9AA7815A4EB0508D3C5C1EBD77F58BC79B38008C41CC19ACD0EAFB64911AD61F507FAF3384D02B829B620FE948630CE9BEFA86459419D5D8035CC372080EFE74B0862841C2A48D3F897CBB35727A000F3D987380279591AAFE633902469010A84EABB2F395C16598A1A6CD007105F7FDB40546F05E21C364378D757D71DCDEB8372348BBE610B2AD8E645BA3604F8E66D439E05DDDC8AC8F38E7C8880A788D0C5B772D41511DFCF3F8419CCF3F98CEEEADD719C95D53814AE26E555DDF087195DFC43C716887BCA7F3FCC8EB771B1CDE0FB046E8B0CC43FCC2EB7777114FC197EBB4E7F85C9FB641BC73896084F54467C409F2EB37403B3E2DB155C11B89F87F3D9826CBDA09B778D9996F518CF93E2EDC17C768110017731EC1802A3C7B24833F8334C60060A185E82A280199ACFF31056246570607AACBAFC1825F04DDB2BE24444B9F9EC1378FA0893FBE2E1FD1CFD9CCFCEA22718B65F1A4CBE24115A86A851916DA14167075376F676F4CE1060088BD1BBF95BB439469547EFE7B8E29CB13B499178CDC6EF6789568A6B921D2E7A892595634720F9F543109443AD3580B140A320EC54B295B8D8C8B5B6DD5452ADECEF221D9DB3AA6ED0AFF165593DFF530C290A46EFE3FC0E24E3AF7AB8016D274768A1C0B24F86E5ECD6749C06BFC2F01A9986C85C4B6CD6340961B76B9AC4C56A79B320A65AE948B867A55CECD660F9BB444431D92CA4D3247402E70A823C1D81BF2FC063745FD18CD5A359D9FC0AC65571FE106DEA2D06CD67B76DD5B32C5D5FA5313B754D8DDB25FA2F2869914AAB5D83ECBE347B74513D4F7234B6004DB916BA787531CA7D2D25DA58551EEADA12A0A5A3F1C2AF1BEE74BDD728D82CF3BEE554ABFB3A2AE2F1B5EB09CC832CDAD43BD991FBBA80C5651605BD988141B406F17C7699A15FCDF1C64FF3D93200254579E49577F033DA71E7E37681C6F0615DDA23A3F570B2CD003E1D224E536C30B6590693A0DF619432A6FF680AADE2FE7233B1CD4988448129D40C8651910F1C28D88000DBB2D941B9803084612F220722F511DCC1788A5D7E54720A88CF93D5F8E6F17125F0CF221887E31F97609D8D7F5C827536FE7109E2FA521F1C8DBFF9476A375A459374D50CEA73C29A907A386AB4541881973148D0E072AE75D5D86C74CDDEB0E256606C2A7E2D534BF0DFB6C8005A45418DA40C5FBA26832F5941842F55CB81F9D78CDDDA0A6CDAEF8131D860626F136200A6320DC751C792EDA4E5EED12B49AF24BD92DC2725E95239B66A44AE1C5B95647E4C22D38C0DF85BA2368D30A7924043F26A0ED292F8E98DB18AEC1BEF543FF668D82847B2F5549AF123C88B49BC12675136554F10DE80780B4F4027A19C9F39B47D2C8B70B43EBCBAF7EA5ED89957F78ED57D7B8788A3413147405BABD79C4C21A331D91AA6FBDFD275ACC2ACAEC3C5AB2C926155959BE2749C2605080A155A5D352E664DA90CB9B68A397E9A671CD69611DF9C93D9500ECF3B300A89CF3C84956404D738FB90E17E9D81A824C087A0881E2B03448E3D5B9F8B3F5D4D3602A6EEC0F39B8A012D2FE460AD777C7653E161776AD3359DCC9507E3F1AD03D4C9F85601EA647C6BE00C3C8D4F2ED4C9F8E4FA05DE2D23E717F03827706B108D6F5BFF029222AFBABA488B4EA69A5D341240457C650F535BF611BAC042FA11ED772AFF084C6CA4200360B24B4B0F6936CDC679924EA6BC3F719EE75B04D9E6ACFD3C3F4DCA090D87AE56BF8BF7BB7861677E173FCAA1BD5317B1E0D45EB0A172756A3F707F4723ADDE09EA22BE2CB6A5E2E263DD144A50E6D760F01554E321AB6DCC34302DCC98A6E54E0D9806071BD3056BEADD0AD63D7945EE15B9B033AFC8A73B8E6F75037B164F9630478454B1B353F8162E7D048F7F1722E3FCF0BD05CC3979A78A8438D99EB96B9C5B5B5B08225C5D5ED563CFA28D4D051AC44E6D061A191BE38107632A2BA27F9EF039BB1FF385C2E87DDC80E615C4989D5CC1FB5ED09A89EC63900430B66DDD5D84B4694C3318E796A6A88A3F8AF1169CB7E09483DABBFB938C83967D6A2AA8C29801A27AA6A64B7738A0836E5759826F6B9F28116E2B0EB25C8E526073B05136DBED7B7284C0F989B955D2B69BCA1299E484E1280349387A2FE33EF774FB8CF2139AAC2C0231C726A08B8C6DA50D88B272114EE0875A56985E6CD777307B510E366F51798B4AD899B7A81C5B54A5D2436DF9D13050D96D57018B7F817D67235EE08583ED8FAA672B130455D8B9158270B035449AA62FCA16418CFE958CDB60F7B0DF6B23AF8DD49D796DF4FCB4516B8073D5515BD86A17E2849F2964DCFF6C8D419EFF1E5563F5D436DDA97E6A91B039BFC7DBBE280DE577CB7EB7EC6D06015B799BC1DB0CD241ED7407CBBF1A606833D09B59B155616AD188F6D85D0F44450E8E58B9184DBCD2A0BD37818DB581B3EB3DB855C884096D9A49E33E4E613FF9170E5E857A15BA972A54FFD8759B4709CC7384BE95FB176BBE53E11F5908FF48B6F97B73F093D6441B8A3A10AEA3649AB7A3F0A9D44F209E46BA0698B8ABD20E4DD9E3C1E43DBE9DBCC71FA7E9114EC29BC514CFF357533C6A2FA68801B09AE2E53C9832371398323713983237D36F13254DC223708FD7C9444993F2119226B1BD7C8577F914B12156511E80F8AF106447F03EE2986A8646C31DC8A1DB83DE28794CA3005E6670153D8D4E8F10AE00B2FB2EC1B735DA2A9F40102233B19B063BB7F0DD54C990EEFA84581324446A16DC720383F18530D6D9F842F81160EF472799ADA9B86302B688A6C861957F8D56E32715F4873DFEB047D8993FEC19F3B0A7CEFE729116F0BC806B9B587404007FDA3F9963FE25E471EA5E308ED603053E459C666E6CDF80A11096307B448474972BB001E82A656003EE634A467EF31ADF6B7CAFF15FAAC61FA4EDBDA6975FF04B8AE14EF09ADA4E04FC4BB016FA2E2E41345E8A84F18D120B7B42FC22BA5B9192E8367DA55BB63E16AB4E5C8D4DD922A93BE8E6D119B4114CA895974852968BA3B09CE9C192E412223E480A700F8D78587BFEEB31C6766CD037F6DCB04B6D60C924BBDA284CB2D5B55B8006C9AE82748DC8735EFB71AC325E1110769CF68AC0C52EF7150362AAF5E5B7B77E7B2BECCC6F6FC7DCDE964BE1287DB2127F554B6F38C8A60B99F7985277C44F06935B8B723B5705D6DA4FB2F753ECD59180F753783F8537E4BC21C7EDE93B35E4ECF7B17BB07FDD731DEFC843D1DCDFAC0F7C9D48F8F268DF7B3CBCC783D1FCDBF535E2FD78AF63674832F35422499A0FB8AA714BD5C4F3F2702A703296F26A0D7C0A1EC5D770BD898195CB186FEE45B2D4B64DC20982932CB7777F8741D1CFE8C8FD1DA5E1B7913AD366E1CB70358083B1D69E81257DFDE5A158C73B9F6A240F1F400E3F67D562329F6CBCFD4EA79BC0C466EE1900DEFDE177CDF2CEFCAEF999EF9A6FAC42F6DFEC3862FFB0500DE30BB44767B76736AE6FCFA06D1176B7B3DBA99CE76731B8CF3B60E6373D1B50EEF8022D29A487E26F08163E6F24B93EC132425F339CD32F57F3D90D88B7E8F76B86B244D52FCB93AEEA1B967635956494AB327CB4910C87530F03B74B0AFE7CBABCFE70757D7AAD4BC70F473F9F1E5D7D3EFED7D30B113DE92647A7A71727580F07F2EA971F3F5C7CB9F8B9ABFED662B644B99B06CF1B1FB09F41B2878B9F4F3F9D7EC45BD84C221D3E74F0E49100773969DB04A2CA300F1EB2FFFDAFE4D7E216FD9983E2375403964195F46692DF4831975A1D2B2618993E0FA2A66FE54DD7DB3CBFCDE0066411D27AB75F21DA7B245DE31FE58DD14C6569D1F7F52F3A5CF521CFD320AA38A43B6CCB8B262F75738C46F6799A84332683357D9ED61FFFF59590E588F825DA200E41B2E1FDFC77CC7064A0BB78D43DE8F6948F04FBFAD52B468561A3D41E7C953A54033F3295A8C38113694831C047FD8B7C644881B1C6DF262BD5C094495EEA900A74E253FC64B92E724E042A9BAD0849516ADB1EC12E2999FEC8050971C7E57A225BAE0A3311BF0F18EC2E389DCEC9ABC251C2E30346BE43EEA6D2FDAA3015E5FE75420641C6600C385143D1859DBCD3A487B0C528D26F678411E58314E1AC4C0ED963CCA674D6278D2AB724B17EEA04960E978E30EBA436BA4C0ACA91C84267B0542F53576603330C0D2E67D11F6129319D7068A39A834144AA19F23206650FB73D666259236CC1231051D98446E25E3814D29E0663C2DC1278A88842D51613443D851AD085E2458FDCE6B4D05446DCDAFAB45073C5EE14D0519C06BFC2B03C265E6E40A2D23FFCEA3C5250354D6822E8641AE543778EAD445D7C3169382E6170B16B22430611884D5621425792B9A2C7B2CF50A54F07491A2D8CCE6D6246574B859B04438922372386A3E1F31269706073A8306C89E0193785BCCA4DBF494E8F11EFF33276AAA77B98292189482014E83AE109300986053A31D01A1A710DC63EC1E3DD0414DB87D26B81B8CC6AEE539BD89EB2CB842EA9507B37AB038328C1CF83D3342ECF0FCA12F8C4736D7FC961E317C81B5F3D3D9A12F21216DDAD9112558890ED3DAAD428187A9010CA331D5E73E6AC47058754395C90B4425380AC95360F52ABCEB5007416AC084E67342AC0E15B041616AE4595785547497C8CB053260518CA28658151A6A0025CB311E501EAF6A80A10D47E2DE24E1EBBA953B11692D85C7EAA348346E3CAF8E0B7AF34810244AB1E79307AB5AC0944800BA1825543C2729270C745A43C51F12211F192CB9254504D6D8072604A4067900BA10AA5A268DA074EE141C063B228973C117581BFEEA948154A90D5C36C01ACE6B9B71246F7F6970F067B58AC074A024683B5FB3BF17CDEC6AFDC2B8061D79379B088BBCF2A50F88D512E30F276AD02DC0D5F0ADD7084106617F0D447EBC99A61F5182DC2757769FA7B3BD429A5B53001D65A4618B0DEDCA0EFB7912336A346E5E692D382F58469B97F87D181708361A01A93C925095AAF979C0A5CDF98AE1378182D68C71806ADB766065384F2F472A821F305EB788331BC7B7B47420281FF779C3541F87D258357AC06AE67D876E0632F02DAEF2B19B69AFD45CE61DBC14FCBF5B43D2FA684EC38DAC45B6C4B17C12934068E1E8B4B61A9A693A61BD9D0913C4C82EE806622A73187625AFE65230F333630DEB65042349553995885CD11817B5A757B5E0D6271FDCE669E6787E4A29DCD1AAB7CD8826477F4D2252977491B3BA5872D4BA11BDA68422CE827763F73A8A7E9AB36F456330BA93F2A93104FED9FD69B116B9AD19E6921BDA42E6C0327B65AE018F8ACB5896E4F1FB582D4706B1B38B6EDE8B303852870627308A4E3EE367178E3963373522EA195C2C53D8A2A9478B6352825F2839B7AC25D518CE3FB1E4D3EB12E6F0EC1147E714DCF383606EC7C5A4217B12F1CA77487B73B5A1047DB127208BDE5FAFE727BA2F03CE41C688E684338C6796B4AE83857BBCEA9D9542C169EB37C1C7E9046EDE768285D97BAB1531D9799B8AF42A6B134DCE8631D937203E9F0EC6BA59FDDC0D34E48C8D6412035A865BEF561A4695F0B77FEF4AEEC70B10C1EE01A341F0E17A84A003705321BAA3774795BF0096C36A589D5B76CBECC908A08CA09FEFD723E7B5AC749FE7EFE50149B778B455E81CE5FADA3204BF37455BC0AD2F50284E9E2E0F5EB3F2CDEBC59AC6B188B80A033EDFDEF7A423A06DC43AAB4D4DB213C8BB2BCF2F9968970E7B3E370CD54636F0F08BC156D7FD4050176EE5A3F46DBA0FCDDC6EEA15E2496DDBEE2B3544FCB3334BC327C5A3552C8CC39DB10352D435B818C098551D62F437C1CA7F1769DD05F693E9441C2337E93D0F0122B88074288CC83444D886F851099778A3288CB2283E5B2C361B5DFF4A1FCAD4DF38D83E93EEAC339AE0E047020C71CA7BF14429BA39B00D27E34A14BE53524C9C271245610161457D3EB67C12C204A9ED10B526BB9D6A7EAC3D72A7D7BC77CD12A2188A85C36A4D76EFB4D7FAE8E9AB4C33494F29B2114B0861C38800D6722838425C8269668FFD900AB28A0102A3FE8B73FAF7225E300EA2F062B016E00B510AA2FFBB30EE81D9F832541DD3EB358122A08C209271B32AB832D36126A6D706B4AB0B59FF5617571AD7148DD477D385710E429C5A2EDB7BD61B1F6BC643867F1CF8634184AD450A208517D9A7DFAAFFA33741D153135CFCD277D1827300FB26853DF2DC4211105FAF0FA10B738B0FEAB3E243C962D0E0BFF6E84571B4F9642ACFD6C40B36D063804EBBE1A18455D70248217BAAF46E615162C88E5ACB6C40062B547A681B51F0DE000B43B63CDC7EEABC91CC21086C4611F39974CB13EEC263E200EAFF964B40920A2FF51DB00A2CC8447F0207F249FE02556100F84108DB63F64B83E0144A3ED0F16938FE2BFF6B33E2C3CEA1E0E0CFF6E8CD9E7848BD967A3F58FC7DAE361C687B6535D2BF1C3D9A9DCF6E2BEADE615B6978BCAA6195F0F6385BB14C1FB68167A41E905A51166DF9FA094DFEC3095926257AC86889435169E4C746D68E1489698C88CBC604F70FAAFFA90AA33761614F6D90016845550B71340B13B51600E6F59847C78558197B45ED27A49EBCC246DEE6FBB3046FB379B36A6A8A4B5D860AC1AB12668F7D9E02C08C6D452ACBF1841386020182D3954FF2D03C168899D81276A14F5172308070C04A351FC02EF96116D28771F0D0CEE358828F1DD7C32C00524455EB5BA480BEC1130819AA08E612F68AA147D3035F6460C286F409A0A03F2CDB5B93850B4174D04D18C160B4CA1C13EF221CD385613F6D9E0108E01630AC1F591F3799E6FD164B0BB5BA2C004DE695246BDA78DDFFEB3B7E1BC0DE76D3847C2BB7BCD325C6C0B5EF068086C614BF1D15CD58016D2D8E7E7BE3DF6A2CB8B2E23CCBE3FD1C57952365C88A91ED66948333508E1168E6A49CB375EB98D4BFF73762FF2EA5745E6170E188844813EBC2EF12C03902C31B94873DFE766226FD36005260EF52480311F245D66E16B62815245060702829C38328E32F7927945E515951166DF9FA2AADF100DD74D55B036737DC46F26A26C59FBFC84BA5DD97C9BF29CE22803097DC9B3FEA40F83737FCDF8EA9ABB4B62747A2B826FA93213FDB6015156CA6FF6BA285E6272B3B9C4E4625BE661A26F38E325BB3B73F23AC7EB1C23CCBE4F9D2378186DA376388F6835350FB7A54CF9A0063CFDD37C9E5205212EF9CABBB68C7FF742D00B412F04F75408F6010C864BC12E4AB1B918143755998AF40110FEDD1BE3DE18B731C6BDDEF07AC308B3EF576F3832A02551790CB4879121CDDC1D3612D5CE9F250E5640FE568817803AB0BC0074737A40A4C770708480A7D3B03847903617513CA2844564242540B88E12CE2D52FCBB3E34F884843892081CD94315E9C30C3099F0218E0065C5728AAD601FC8611F0C81FD560EFBED10D83FCA61FF680C1BB2CC004DF9A0602E8A178617C557CC25ED95E125ED82B96A5E185E355F31D7BC5786D7BC8130AA14B08C2A058451A580655429208C2A052CA34AFDC68B07F59B793C28F641BFE963FE80170F2A308F0795B3F1A072513C28118CAFF02E67AEFC771F0DB832CAD1E7BF42901DC1FB8852B34CA13EDC32A01CFFE0812CD18718D521FE2E33B88A9E28254516E9C30CE10A6CE3E2127C2B55E8090421D2C3145145754C68C18B067567110DEAAE0F8E454784A28A8CB97AB981C11B2E6B372556100F84108DA4CA2360AEAD369FEC68C79D0CA2D07076399361360B11135B2B328CAD957F8D5694CFA5F9E477797E97E77779AEDE6F52790B87EFF3A83C87E63B3D158071CEBBDCB915F6350057777B5670A9D6482A72009943A972FE51B8183A461E111144415A985263C8DC902D749931D48F29EF852753E8F59CD7735ECF39D7736E75DC20FD36956E43AA222968BF49F7D1887B10E6AC44C4BF3F7F3DD9B7BA04F4F9315DB61BEDABAB3777B4D6AA7CD1C317599958DA7C75715B8DB3AC6E10D6E15996AEE9C9E83E1B2C5198056838E09EBE1E837DDF9B09C6F3820F9F672C8FB8F974CB1A8F33EBEEC496DD9C8F6904BADE7098AF8F9D058CA312D40F676B3AA1BD396F2B2108199C6CC80691638AFD5EC3EF35FC5EC3993059A547E993232952C1B2921E8296E3A8C54F30CF194DD67DDCA3B9A9659EA3C34E0C9CD514495AFB634E7FCCE98F39BDE9E14D0F6F7A98AA3787AACD5EAD3DB7D3CDE64A4C9D6D9395879C6213D81147C4F65F9FBFDA7D39A7A642B5B65D5FA705883924A38AC634C776F61C268AAFE17A1303371E141C9ED5831859F371E4CC122621FB00AFFE66C245777F8741D1214FF11155A80FF7280DBFF18192257BC35197E1CA254361E02CF849DA7A1C76FACB43B18EF9334615EDCF946DB3E001E4F0738698DEC9A4E1006DA64DDE5EA88DF166F42C32857E83E237287E83E24884DCB80983766315058DDB4A44D6614FC71EF9BEAF471BDFF046E027DCECD437FC21CFD320AA0E7124F9976E9BACF5064996BA26FAA9941007858C0F8C82775BEFDC386C2390C365235A3934A0FA429AEE25D53A546CB05CA648FFF04C1881A7CF2E539414CDE334A9F5CCEC3CBFD8C671F9B42BCEA111250E175CFEB062A132D1B81103D50D5CB14F09CD907944C9DB6F4519DCEDD9A602FB5C98464203970CD3E4EF31E299AE8D2BB669001A728E3C23D1AD2433913D0BB5C09F0B1729893198979A2402DACA8BAEAF99DC80332D24A4BDD459148A665C639EB561FF55554B103D3D45D61ECE297BA89E08D4F69F3FC6D44A2D29B45512D3603887ECB926A2D1DC7F86994E015179D5B4B9876E276022699634C95491E09DCED8ADEDCC69636BB60CF433C2DD2AF3C389F17769FD9AF28CA4A9D81636E51C612723589DB7030C5013CC5F2423D1D9409090DB66A50034CD9AD33534CD8DC39903016C638D563662155A05AA2F1CC82F225CCDF8DC451A20178A4E4A1BF7CCD61A37E6DCD6B51C83DD5A4D62C66F93293A21BECF91E794E471A92B19E630D1966C63576747CC849A319EE94432FDB9559B2C7B3E9383260B3A0D66CE5AD65EC6A0EC07B364340C394953365B3A56D5884B859D18CE2A89015727B79D305507B2A6780866CB6C545BD4112391C4D36622A6999481B4D986026BC53263DB6F7C4C6D2C4D1DE67E9E765B03DF74A72968C6E72DD31D2617F83E73D8F7B09B3C8AD3E0571896692B971B90686F2645ED98A8C0643D0D36E143DECB9DA400553396A68030C7FE6CF1F3134734A13083C698D3F0B6EEB90DB78AF7C7D63045FDF971A026910673629BA8E1B6CBBDA69D19026B224AFF20C8A5C6993C06A8E19CA9920FDDCAB21019321A8BABA137539A30EE5692386E44C5C710AA9C377D5E205AE9E69292D11603682A79042C50427239FB385CB7CC3A8E4891D361B84E436CDBF2AE8616236AEB64FFE5497C0CC81EAC41358E867AC820ABB1834B05AAA10FDF847571E46EFB9FBA3796A48DF523D6F1763762C84EAE3331409D5D6C92616E7864A9F132C88159AD4B090727E6D58BDEDBE67FFD3BDDDC669AEF85B987CA1C804EB88A84E8F07E370FE17D64263D02A839A97D3650DD8D891298D155BA7709CD97EEEFBCFD50F207B8879FD210C679DF0E31175C838A28F90604D5BE328467519697CFB1419988A1AE329F214A3C4621CC10637ECB0BB86E2EC7FC7B7C1C479593B0ADF00924D10AE6C575FA2B4CDECF0F5EBFFE693EABB2C2943C1DAFE6B3A7759CE4EFEAA4312049D2A21AFAFBF943516CDE2D1679D563FE6A1D05599AA7ABE25590AE17204C1707AFDFBC5DBC79B380E17A41376FC06A4179FD87164A9E8784CD87BD9B21789B64ACC33F4386235A4EB9822B6655D0134E373F14AEA71291327B45EB84AD63F31530BC044599DFA8645D58A13C9F957C58666DEB7871A1E804CF085377943C82F2A55EF64F6BF0F4CF3844B4BD330178E01AE05B270097450661E104D4DFDAF4320E601D775ED2A180DA4C334E68553D94358684BF81922EACA33EA146294A6C5698E882A96A7DB5ED465C5D474D7E0F073371D4A58171B1A6FA04302E508B022770CEAB4C262EB8166E400BE82E2A14D3A6CFABB2534A4D5E559DC969B02D0B62440EC6A25FD5BD84E87711957C6808A98B773510CE150479EA864F98E3738C90B465F1EE3C09E1D3FBF97F546DDFCDCEFF724B35FF6156BD6C7F377B3DFB4F63D6171DA39A612400A38F99F65A68FC46164B40ECAC50713E779E5C33FC7554C46E842C91CFD701BC3E1451B3826010AD415CDADCE8575E19CF6F90955DEE7550F181F1D0F1F844237581C6D0C6171AA987936D067092574C6208A30F13340046C5AC6D96FB0170AAB388612000DAD561D6A50D8C0B08431832B7A6EC8035B13BDC6C0E88C01D2E940211B7C32D40373B22326A870B807DDC0E07D0F0C01DEE90FB9CC82C0713BC4C2119EA44EED52D13D528BCC0A4AB213100232A4A57024ECBC2D4995F0D0353078C174E5E383D1FE1B43F9B1A6D3129BA15AD2723E5B74C540252B8B9722D1D3F82BC70765C531DC5BB8306E10D88B7F004746BC0B915DEF6B12CC2D1FAF082DA0BEAE72CA8198FA099A0A69A0F397D22E234986181351D8201E7E1BFA9DAA2000CC146EB7992197E1A204739A5ABA861EB5991846150EF447813E9FCB00EC66EA42B02E446AA22406EA4E9197872333404C8CDD07E8177CBC8CA1BC8D9ABAD41E44677FF029222AFC05DA445FFAC45DBFB238088E6D10E9EF6DA943CC3D15B9D8AE727EA35CA0018D38FF49066EE4C5867805C9FD19FE7F916097517E710E7F96952D60E87F0B2B791BD8DFC7C6C646DD9C90DD5A5273525D10F54F2126BFA7D9E1C7869E2A5C9F391267EC7BDAF3B6E6D392F0F31A427F075428BA824BF62FFEF5A05F417313E67F763DEC518BD8F2E9FD4989D5CC1CAE0BE8E7A3567ED3C0149006357D03AD7A60B60340F0EF7BC7A75EED5F97356E7FB737D93135ACD0C1706C008CA947DACAA796799FB9453E3A272D36E4445E96C6773948124740269DCFB932E6E26B6EFAB872B902BB80151562A2447C767CB0AB18BEDFA0E667B79BEE755A65799CF5965721ECF1BEE3E69002329AA6B3A1A8BBEAEBAE60705D051572C49F6566321E6FA4A5EA5B791E05E3E7AF9F8FDCA476D89C40F0CA42792C4C172D432096FFB1C849237A35FA619EDC5BA17EBCF47AC8BD7EA751352CCCCE6255B8F60F0E241E92C348CD545F871358AF3B7AFAE3494BF55E3C5E177260EF5F7DDDB3C4A609E7F4922AB83E2C8420E458CB9389F7D024F1F61725F3C202BEFE027E3D509C27594B8BB600A9F4A590862778B3EC056681512CB35D48351A0BE1D05EA8FEEA04267735EB8BA57BE72758BBB7075417DE5EA3A38701D390CB88E1C065C470EFBCD61B82F3C20C330400EC37DE596E1BE58485FE15DEEEAB1C02ACAD146FFAF106447F03E926A3F2D0551063474710210D5911D2F33B88A9E9C8C34842BB08D8B4BF06D8D0CEF1308C21831EF101CEF5C860DBBEB83B5390A1DD630EF72030337420403E846883C02CC9DEF8C7A2E67C4D15444AEA2AFE55FA3959BF08A7E9FE5F7592F709FD587973E2FE0FA859CF8B850A82F21C25977E375B41E48F0ABB8BCD66581E530004B983D2232BA0B0FD900741525B201F73125DF6F7A75E4D591009A574756E13CF7501521019F14C34EF86B9A3891442F41A9F55D5C82FEC4F619EACEC17A4F921AC4CCA9280434827FF10CBE94A57D03E2283CCBD2F5E0657909B3002101EEA109436893BC1E73FC72283FBA18B39B9031ADB449760B76FC6C106C2F48D7552A724E2A20DD887B0408BBB07B0C881159D5DBE9DE4E7F81767AC98247E9D30BD1279F90B183C97A83393420582D6DFC21DB4BDB8FF843367FC8E695B702A057DE7BA5BCEDEDEFFDD3430E4ED89A3B0E758A5127D2A83C9AF22776FEC48E5652DBF5755A8078FF5F148932C59A1D2CF2A18CF26A218AAFE17A138317E3395842444E374FA696DBBBBFC3A0E808E402E6511A7E1B00507B662FC3D50B9BD8BF3C14EB7812D26D4B9039AC569B0DF1080036946400F893366FAC7B63DD6411DFD8054A1AF6FE659405FAE8CC5FB619D75FD604BE1A1C149D13896BA16E45747B3B38B0FA74E1C0B4A64E313A33D4A4C00CD0B44817359839845976A76791DD24FCFD0ED8854C813828D51801EA56919C7108C3192676645131BC7A2203368875F686AB0DD965B0646142514E2F51A68986F91D4890361AC38030642D885B71F01F6E3B4E78365336E0766D46710E8841EC305DD0398369FF90E76910553DB2C2AB3E35A366FE34096757690CDB38F2ED2896305EBD6A3F7DDAC645B489A3F279E7FBF9EB57AFDE30D4E9E160EA0987857F26E1FD8E0186780766E5E600C4C769D90E20A2B28C162541B40131893F558DCB91FD2924C3BE8B0E2C5D720237E5415A52B0E3D4EFF356D675D703B53A54E4385C60F3AECD0E65B47D21331CF5CFFAAA3C6BF84C3265CF823D68AC75E6ACCD65301D9710291476CD214D12042193E089F8F0B924BE3F0BE610A614144C933087E098BCC1496EB1130E69F7F113E993362D120EA8FBF622340937F193B4C35DAB91960576A443A667891D690F13CED8BDEA68B9627ABD313D43EC466398F0C3BEA90B62939BDF2ED19E9CB93A6435A36F68721C7E4E4E600C0B38ABC38F961970F20084EC9E0E6DA3420506E4290A071DAAC228DC6632EF32278131A749CE90E4DD4B7D153B64BBFA6A9690EDC4B32D9DE6EF8005CD394171F8370D3B1A9D474EBFC532138AC6DBA391F852E4BDE2233505771A6EA5148E329B2D9C396BEA3BEE76CB94CF4A64EE1F6BEE56700E61D07D949D74C2C0C6B723D96B54C5E436A3FE64B4C3609276E210D9C291F61CEC50055327F1D9E9F38E3C51A9B46799D370276CC24FAE6DB5DF78069C32FD7EC18A57F665AF80E93E45725E47D3BCA7C7E05693A84E453CE6A138B3D0F5D09980A9C80B29FDB094563ED190A3B9BA92490C2AD1D523215E13386B702AE8EB24D92D277DFED4BA8AA58387C6DDABDDB2A9C2EEDF97CDE8FE31E8AE36A3435873BF36A38411D90C48EC697465E35B0ADE676ADDDB8AD15D9BF60D16662767DA2C32AA90121F4970CB5F109B991F3EEC33B33DAB13B1FD61BDDD9E84D932E23E9E821DC569F02B0CAFA3355C6E4032D52118D52D79A3832E7B11D28B1ED5F3915C348B085F8D0CB0E8F79E5D766589DBB0CD7E59E0DD75F9E67ABAD2C2EAB209E3B3DC7F9C44D5D18F1C78A87465A3301C3FA7B260C6A5EF28F4994DFAB443D1B5FC2DC76E184D615DF1265730A92F96CD4CA65AF8EC667426533EFC999AC5C42969D9C9154D2C6752156AD048323A9643BA53E5480419C99EEB266FF16ECC23C493B7FCC77056A246650AA5A060C0BC18E1500DE63949843E4E3D13B27EF4F70C58660A6243867D7E11AF1A441938047D4A7210ECC8275C451C23238F4DF078B28EA848EEBF9A6F2F822DB83123051D8A62C74DC010A7D5FBDAEAEE7C94C0ACDBDA87F02CCAF2EADE7F9971936188B2D5121604C5E6B3D3EEB52EC51CCBE001AEC1FB7978578687AADFFBD66530E7B009099D7944C374C3D4E0F54755D2E897DEBBB3FDD235B8FD9295D4FDB667564C776D01AF97BA4C1778E7E211F4D1958BBBEADC55AA1EF17315A63BBC90D717E6A8D5181AF6AE863330AC943FACAE82BA2FEA1C99E98D2AE7F5471EB62B7BEC6E69317D7525BC5E9A42357CF62E0FD3115B85D723552BD259E19595C82EAFEA33774DA1123DB0950DCB855C958880973B7425FC7E73C374D017F17A684BF5BBE00F83289575A4359CA36D8E74409E7F4922EE6C10C55CC2613534962B994993B362A90ADC454BD431E954DAA1AA33754765F220B687EA2B0F342A50C3C4F212B1A0F1425E0F7DB98EC82613CFF0E43655832FBC894A3AFDD6593278FD3525FC7EAA42AD0EFAAC12BC4EB0527E475D05EDBEC4FD48FBD0110D58085F9E6CC08BF9C2A1AFA1EE0E8F2BCBF64694F23AC32A68F4450462E5F4469673FBC3ABA87BBCE12AA01B91FEB9D1513FFC576B22F5AD6131F06A9AD85F2A4C8435E59699213EC24B6A725B5465290A2AEBE2A3A20DB796180F439A30C7E942552FB55CA84A6CBFD82E90C7206DAC8B19568FE10D6E400CEE294137CAFE13B3A5E5BB65B196F867DA79410EC76CA8554C07F940D9B00FE461277F5F5A61CD94EDCFC0DBB005F2B173831B90077CEC76ABC29BF8BEE36153315C384396457971C0D4D4AEAD6AD67D73363C112F8BE3978CC2C8D30C56C2BFD2C81C4E99779AA1F22F7F4A06AE715BD47618BC765CA58903A12A8C4598C695AE4F189EEF9D18A07864D221ED059194EFEEE592DF94878CE5B8A0B5984EC23A23924ACC52662FC89D73D56E09267A97CCA193D613664A28E307DF8D3CAE3F4908223AB8ACDAB385EE49D0094C0D1A085EAC3A10C9539341F69854BE6A54CF2F5D0D6A726B53F914924317B3E7939CE542B972B055D39548C8A2D88CB3D026229858FC9A3DE473A8A9F68154F45331217DA46FCA1C085D4BDEB31FB8B625A3FF6ECA1919C48A985B3E1249544B6627D6CA6E08247837C2218DCE0B13077C22B84A50EFB0E932E7C3C705919A04E2C704CE44E9B4E410DEF1E71043EF3D003118DA0B5C8DA2FF282183E0D49700D0958D4006B1C4D0BBAD4ECE29671002E4F7810884EB5C4200C90D63D16D6ACE007489A0C543361201BF06CC9301C26BC24EE618BFDFD13572A10825F75B797A50F73AAC83835FF6A241AD2BB0CF0EB660BCBB9BDCCD97F292A713070EE1F06E1442F34D7BB06DCE8FEE4E625776B8A87D5ECD07F427D233E01E7E4A4318E7D5D7C3C5D5362953E4D57F9DC03CBAEF411C2298090C883B905D9DF212417B3593C2A8AD42676B81050841013E6445B40241818A0344A3CAECBD01F11655395DDFC1F03CF9BC2D36DB020D19AEEF62629F5A5EE994F57FB860703EFCBCA90C381743B829530C2231F33939DA4671D8E17DC6C9C5220051DE156D921E96735994C90FEFBF75902ED244135043BEEE8A6B775DE073B2048FD006B72F39FC08EF41F00D7D7F8CAABB022220EA8920C97E781281FB0CACF30646DF1EFD8978385C3FFDF1FF01079CAA520D870200, N'6.1.0-30225')
/****** Object:  Table [dbo].[ContactDatas]    Script Date: 06/12/2014 21:42:56 ******/
SET IDENTITY_INSERT [dbo].[ContactDatas] ON
INSERT [dbo].[ContactDatas] ([ContactId], [Tel1], [Tel2], [Tel3], [Fax1], [Fax2], [WebSite], [Email], [WantsEmailNotification], [WantsTelNotification]) VALUES (1, NULL, NULL, NULL, NULL, NULL, NULL, N'dummy', 0, 0)
INSERT [dbo].[ContactDatas] ([ContactId], [Tel1], [Tel2], [Tel3], [Fax1], [Fax2], [WebSite], [Email], [WantsEmailNotification], [WantsTelNotification]) VALUES (2, NULL, NULL, NULL, NULL, NULL, NULL, N'dummy', 0, 0)
INSERT [dbo].[ContactDatas] ([ContactId], [Tel1], [Tel2], [Tel3], [Fax1], [Fax2], [WebSite], [Email], [WantsEmailNotification], [WantsTelNotification]) VALUES (3, NULL, NULL, NULL, NULL, NULL, NULL, N'dummy', 0, 0)
INSERT [dbo].[ContactDatas] ([ContactId], [Tel1], [Tel2], [Tel3], [Fax1], [Fax2], [WebSite], [Email], [WantsEmailNotification], [WantsTelNotification]) VALUES (4, NULL, NULL, NULL, NULL, NULL, NULL, N'dummy', 0, 0)
INSERT [dbo].[ContactDatas] ([ContactId], [Tel1], [Tel2], [Tel3], [Fax1], [Fax2], [WebSite], [Email], [WantsEmailNotification], [WantsTelNotification]) VALUES (5, NULL, NULL, NULL, NULL, NULL, NULL, N'dummy', 0, 0)
INSERT [dbo].[ContactDatas] ([ContactId], [Tel1], [Tel2], [Tel3], [Fax1], [Fax2], [WebSite], [Email], [WantsEmailNotification], [WantsTelNotification]) VALUES (6, NULL, NULL, NULL, NULL, NULL, NULL, N'dummy', 0, 0)
INSERT [dbo].[ContactDatas] ([ContactId], [Tel1], [Tel2], [Tel3], [Fax1], [Fax2], [WebSite], [Email], [WantsEmailNotification], [WantsTelNotification]) VALUES (7, NULL, NULL, NULL, NULL, NULL, NULL, N'dummy', 0, 0)
INSERT [dbo].[ContactDatas] ([ContactId], [Tel1], [Tel2], [Tel3], [Fax1], [Fax2], [WebSite], [Email], [WantsEmailNotification], [WantsTelNotification]) VALUES (8, NULL, NULL, NULL, NULL, NULL, NULL, N'dummy', 0, 0)
INSERT [dbo].[ContactDatas] ([ContactId], [Tel1], [Tel2], [Tel3], [Fax1], [Fax2], [WebSite], [Email], [WantsEmailNotification], [WantsTelNotification]) VALUES (9, NULL, NULL, NULL, NULL, NULL, NULL, N'dummy', 0, 0)
INSERT [dbo].[ContactDatas] ([ContactId], [Tel1], [Tel2], [Tel3], [Fax1], [Fax2], [WebSite], [Email], [WantsEmailNotification], [WantsTelNotification]) VALUES (10, NULL, NULL, NULL, NULL, NULL, NULL, N'dummy', 0, 0)
INSERT [dbo].[ContactDatas] ([ContactId], [Tel1], [Tel2], [Tel3], [Fax1], [Fax2], [WebSite], [Email], [WantsEmailNotification], [WantsTelNotification]) VALUES (11, NULL, NULL, NULL, NULL, NULL, NULL, N'dummy', 0, 0)
INSERT [dbo].[ContactDatas] ([ContactId], [Tel1], [Tel2], [Tel3], [Fax1], [Fax2], [WebSite], [Email], [WantsEmailNotification], [WantsTelNotification]) VALUES (12, NULL, NULL, NULL, NULL, NULL, NULL, N'dummy', 0, 0)
INSERT [dbo].[ContactDatas] ([ContactId], [Tel1], [Tel2], [Tel3], [Fax1], [Fax2], [WebSite], [Email], [WantsEmailNotification], [WantsTelNotification]) VALUES (13, NULL, NULL, NULL, NULL, NULL, NULL, N'dummy', 0, 0)
INSERT [dbo].[ContactDatas] ([ContactId], [Tel1], [Tel2], [Tel3], [Fax1], [Fax2], [WebSite], [Email], [WantsEmailNotification], [WantsTelNotification]) VALUES (14, NULL, NULL, NULL, NULL, NULL, NULL, N'dummy', 0, 0)
INSERT [dbo].[ContactDatas] ([ContactId], [Tel1], [Tel2], [Tel3], [Fax1], [Fax2], [WebSite], [Email], [WantsEmailNotification], [WantsTelNotification]) VALUES (15, NULL, NULL, NULL, NULL, NULL, NULL, N'dummy', 0, 0)
INSERT [dbo].[ContactDatas] ([ContactId], [Tel1], [Tel2], [Tel3], [Fax1], [Fax2], [WebSite], [Email], [WantsEmailNotification], [WantsTelNotification]) VALUES (16, NULL, NULL, NULL, NULL, NULL, NULL, N'dummy', 0, 0)
INSERT [dbo].[ContactDatas] ([ContactId], [Tel1], [Tel2], [Tel3], [Fax1], [Fax2], [WebSite], [Email], [WantsEmailNotification], [WantsTelNotification]) VALUES (17, NULL, NULL, NULL, NULL, NULL, NULL, N'dummy', 0, 0)
INSERT [dbo].[ContactDatas] ([ContactId], [Tel1], [Tel2], [Tel3], [Fax1], [Fax2], [WebSite], [Email], [WantsEmailNotification], [WantsTelNotification]) VALUES (18, NULL, NULL, NULL, NULL, NULL, NULL, N'dummy', 0, 0)
INSERT [dbo].[ContactDatas] ([ContactId], [Tel1], [Tel2], [Tel3], [Fax1], [Fax2], [WebSite], [Email], [WantsEmailNotification], [WantsTelNotification]) VALUES (19, NULL, NULL, NULL, NULL, NULL, NULL, N'dummy', 0, 0)
INSERT [dbo].[ContactDatas] ([ContactId], [Tel1], [Tel2], [Tel3], [Fax1], [Fax2], [WebSite], [Email], [WantsEmailNotification], [WantsTelNotification]) VALUES (20, NULL, NULL, NULL, NULL, NULL, NULL, N'dummy', 0, 0)
INSERT [dbo].[ContactDatas] ([ContactId], [Tel1], [Tel2], [Tel3], [Fax1], [Fax2], [WebSite], [Email], [WantsEmailNotification], [WantsTelNotification]) VALUES (21, NULL, NULL, NULL, NULL, NULL, NULL, N'dummy', 0, 0)
INSERT [dbo].[ContactDatas] ([ContactId], [Tel1], [Tel2], [Tel3], [Fax1], [Fax2], [WebSite], [Email], [WantsEmailNotification], [WantsTelNotification]) VALUES (22, NULL, NULL, NULL, NULL, NULL, NULL, N'dummy', 0, 0)
INSERT [dbo].[ContactDatas] ([ContactId], [Tel1], [Tel2], [Tel3], [Fax1], [Fax2], [WebSite], [Email], [WantsEmailNotification], [WantsTelNotification]) VALUES (23, NULL, NULL, NULL, NULL, NULL, NULL, N'dummy', 0, 0)
INSERT [dbo].[ContactDatas] ([ContactId], [Tel1], [Tel2], [Tel3], [Fax1], [Fax2], [WebSite], [Email], [WantsEmailNotification], [WantsTelNotification]) VALUES (24, NULL, NULL, NULL, NULL, NULL, NULL, N'dummy', 0, 0)
INSERT [dbo].[ContactDatas] ([ContactId], [Tel1], [Tel2], [Tel3], [Fax1], [Fax2], [WebSite], [Email], [WantsEmailNotification], [WantsTelNotification]) VALUES (25, NULL, NULL, NULL, NULL, NULL, NULL, N'dummy', 0, 0)
INSERT [dbo].[ContactDatas] ([ContactId], [Tel1], [Tel2], [Tel3], [Fax1], [Fax2], [WebSite], [Email], [WantsEmailNotification], [WantsTelNotification]) VALUES (26, NULL, NULL, NULL, NULL, NULL, NULL, N'dummy', 0, 0)
INSERT [dbo].[ContactDatas] ([ContactId], [Tel1], [Tel2], [Tel3], [Fax1], [Fax2], [WebSite], [Email], [WantsEmailNotification], [WantsTelNotification]) VALUES (27, NULL, NULL, NULL, NULL, NULL, NULL, N'dummy', 0, 0)
INSERT [dbo].[ContactDatas] ([ContactId], [Tel1], [Tel2], [Tel3], [Fax1], [Fax2], [WebSite], [Email], [WantsEmailNotification], [WantsTelNotification]) VALUES (28, NULL, NULL, NULL, NULL, NULL, NULL, N'dummy', 0, 0)
INSERT [dbo].[ContactDatas] ([ContactId], [Tel1], [Tel2], [Tel3], [Fax1], [Fax2], [WebSite], [Email], [WantsEmailNotification], [WantsTelNotification]) VALUES (29, NULL, NULL, NULL, NULL, NULL, NULL, N'dummy', 0, 0)
INSERT [dbo].[ContactDatas] ([ContactId], [Tel1], [Tel2], [Tel3], [Fax1], [Fax2], [WebSite], [Email], [WantsEmailNotification], [WantsTelNotification]) VALUES (30, NULL, NULL, NULL, NULL, NULL, NULL, N'dummy', 0, 0)
SET IDENTITY_INSERT [dbo].[ContactDatas] OFF
/****** Object:  Table [dbo].[BusinessUnits]    Script Date: 06/12/2014 21:42:56 ******/
INSERT [dbo].[BusinessUnits] ([id], [adminEmail], [externalLabel], [customField1Alias], [customField2Alias], [customField3Alias], [customField4Alias], [email], [tel1], [fax1], [tel2], [fax2], [addressLine1], [addressLine2], [addressLine3], [zipCode], [city], [country], [state], [website], [fiscalYearBegin], [baseCurrency], [invoicePrefix], [defaultPaymentDeadline], [bankName], [bankAccountNo], [countrySpec1], [countrySpec2], [vatId], [bankAccountName], [bankNo], [iban], [swift], [Label], [AdditionalInfo], [CustomField1], [CustomField2], [CustomField3], [CreatedBy], [ModifiedBy], [CreatedOn], [ModifiedOn]) VALUES (N'Naukanu', N'admin@naukanu.de', N'Naukanu Sailing School', NULL, NULL, NULL, NULL, N'info@naukanu.de', N'04711/123-0', N'04711/123-8', N'04711/123-1', N'04711/123-9', N'Musterstraße 15, I-Gardasee', NULL, NULL, N'25010', N'Gardasee', N'Italien', NULL, N'http://www.naukanu.de', CAST(0x0000A2A600000000 AS DateTime), 0, N'NAU-', 14, N'Deutsche Bank', N'123456789', NULL, NULL, N'I47110815', N'Max Mustermann', N'12345678', N'I47110815001', N'', N'Naukanu Sealing School', NULL, NULL, NULL, NULL, NULL, NULL, NULL, NULL)
/****** Object:  Table [dbo].[BoatTyps]    Script Date: 06/12/2014 21:42:56 ******/
SET IDENTITY_INSERT [dbo].[BoatTyps] ON
INSERT [dbo].[BoatTyps] ([BoatTypID], [Name], [CrewAmount], [Description], [Label], [AdditionalInfo], [CustomField1], [CustomField2], [CustomField3], [CreatedBy], [ModifiedBy], [CreatedOn], [ModifiedOn]) VALUES (7, N'Optimist', 1, N'Die Optimisten-Jolle ist eine kleine und leichte Jolle für Kinder und Jugendliche bis etwa 15 Jahre.', NULL, NULL, NULL, NULL, NULL, NULL, NULL, NULL, NULL)
INSERT [dbo].[BoatTyps] ([BoatTypID], [Name], [CrewAmount], [Description], [Label], [AdditionalInfo], [CustomField1], [CustomField2], [CustomField3], [CreatedBy], [ModifiedBy], [CreatedOn], [ModifiedOn]) VALUES (8, N'470er Jolle', 2, N'Der 470er ist eine olympische Zweimann-Rennjolle mit Trapez und Spinnaker.', NULL, NULL, NULL, NULL, NULL, NULL, NULL, NULL, NULL)
INSERT [dbo].[BoatTyps] ([BoatTypID], [Name], [CrewAmount], [Description], [Label], [AdditionalInfo], [CustomField1], [CustomField2], [CustomField3], [CreatedBy], [ModifiedBy], [CreatedOn], [ModifiedOn]) VALUES (9, N'Hobie Cat', 2, N'Hobie Cats sind kleine und leichte Segel-Katamarane und -Trimarane („TriFoiler“), die sowohl für Regatten als auch für die Freizeitschifffahrt verwendet werden.', NULL, NULL, NULL, NULL, NULL, NULL, NULL, NULL, NULL)
INSERT [dbo].[BoatTyps] ([BoatTypID], [Name], [CrewAmount], [Description], [Label], [AdditionalInfo], [CustomField1], [CustomField2], [CustomField3], [CreatedBy], [ModifiedBy], [CreatedOn], [ModifiedOn]) VALUES (10, N'Surfbrett', 1, N'Standard-Surfbrett', NULL, NULL, NULL, NULL, NULL, NULL, NULL, NULL, NULL)
INSERT [dbo].[BoatTyps] ([BoatTypID], [Name], [CrewAmount], [Description], [Label], [AdditionalInfo], [CustomField1], [CustomField2], [CustomField3], [CreatedBy], [ModifiedBy], [CreatedOn], [ModifiedOn]) VALUES (11, N'Kitesurfbrett', 1, N'Spezielles Surfbrett für Kitesurfing', NULL, NULL, NULL, NULL, NULL, NULL, NULL, NULL, NULL)
SET IDENTITY_INSERT [dbo].[BoatTyps] OFF
/****** Object:  Table [dbo].[Boats]    Script Date: 06/12/2014 21:42:56 ******/
/****** Object:  Table [dbo].[CourseQualifications]    Script Date: 06/12/2014 21:42:56 ******/
/****** Object:  Table [dbo].[CoursePlanings]    Script Date: 06/12/2014 21:42:56 ******/
/****** Object:  Table [dbo].[CreditNotes]    Script Date: 06/12/2014 21:42:56 ******/
/****** Object:  Table [dbo].[Materials]    Script Date: 06/12/2014 21:42:56 ******/
SET IDENTITY_INSERT [dbo].[Materials] ON
INSERT [dbo].[Materials] ([MaterialId], [Name], [Brand], [Price], [Currency], [MaterialStatus], [RepairAction], [SerialNumber], [Label], [AdditionalInfo], [CustomField1], [CustomField2], [CustomField3], [CreatedBy], [ModifiedBy], [CreatedOn], [ModifiedOn], [MaterialTyp_Id]) VALUES (1, N'Großsegel JO841', N'Forkis Sails', CAST(799.00 AS Decimal(18, 2)), 0, 0, NULL, N'SE3981', NULL, NULL, NULL, NULL, NULL, NULL, NULL, CAST(0x0000A347017EB914 AS DateTime), CAST(0x0000A347017EB914 AS DateTime), 4)
INSERT [dbo].[Materials] ([MaterialId], [Name], [Brand], [Price], [Currency], [MaterialStatus], [RepairAction], [SerialNumber], [Label], [AdditionalInfo], [CustomField1], [CustomField2], [CustomField3], [CreatedBy], [ModifiedBy], [CreatedOn], [ModifiedOn], [MaterialTyp_Id]) VALUES (2, N'Fock JO529', N'Apollo Sails', CAST(1299.00 AS Decimal(18, 2)), 0, 0, NULL, N'SE4821', NULL, NULL, NULL, NULL, NULL, NULL, NULL, CAST(0x0000A347017EF6B1 AS DateTime), CAST(0x0000A347017EF6B1 AS DateTime), 4)
INSERT [dbo].[Materials] ([MaterialId], [Name], [Brand], [Price], [Currency], [MaterialStatus], [RepairAction], [SerialNumber], [Label], [AdditionalInfo], [CustomField1], [CustomField2], [CustomField3], [CreatedBy], [ModifiedBy], [CreatedOn], [ModifiedOn], [MaterialTyp_Id]) VALUES (3, N'Spinnacker JO291', N'Apollo Sails', CAST(599.00 AS Decimal(18, 2)), 0, 0, NULL, N'SE2741', NULL, NULL, NULL, NULL, NULL, NULL, NULL, CAST(0x0000A347017F5329 AS DateTime), CAST(0x0000A347017F5329 AS DateTime), 4)
INSERT [dbo].[Materials] ([MaterialId], [Name], [Brand], [Price], [Currency], [MaterialStatus], [RepairAction], [SerialNumber], [Label], [AdditionalInfo], [CustomField1], [CustomField2], [CustomField3], [CreatedBy], [ModifiedBy], [CreatedOn], [ModifiedOn], [MaterialTyp_Id]) VALUES (4, N'Mast JO341', N'Sailing World', CAST(1566.00 AS Decimal(18, 2)), 0, 0, NULL, N'MA5932', NULL, NULL, NULL, NULL, NULL, NULL, NULL, CAST(0x0000A34801561616 AS DateTime), CAST(0x0000A34801561616 AS DateTime), 2)
INSERT [dbo].[Materials] ([MaterialId], [Name], [Brand], [Price], [Currency], [MaterialStatus], [RepairAction], [SerialNumber], [Label], [AdditionalInfo], [CustomField1], [CustomField2], [CustomField3], [CreatedBy], [ModifiedBy], [CreatedOn], [ModifiedOn], [MaterialTyp_Id]) VALUES (5, N'Mast SB284', N'Italian Sail', CAST(698.00 AS Decimal(18, 2)), 0, 0, NULL, N'MA5832', NULL, NULL, NULL, NULL, NULL, NULL, NULL, CAST(0x0000A348015668D1 AS DateTime), CAST(0x0000A348015668D1 AS DateTime), 2)
INSERT [dbo].[Materials] ([MaterialId], [Name], [Brand], [Price], [Currency], [MaterialStatus], [RepairAction], [SerialNumber], [Label], [AdditionalInfo], [CustomField1], [CustomField2], [CustomField3], [CreatedBy], [ModifiedBy], [CreatedOn], [ModifiedOn], [MaterialTyp_Id]) VALUES (6, N'Segel SB672', N'SunSail', CAST(367.00 AS Decimal(18, 2)), 0, 0, NULL, N'SE1092', NULL, NULL, NULL, NULL, NULL, NULL, NULL, CAST(0x0000A3480156CD98 AS DateTime), CAST(0x0000A3480156CD98 AS DateTime), 4)
INSERT [dbo].[Materials] ([MaterialId], [Name], [Brand], [Price], [Currency], [MaterialStatus], [RepairAction], [SerialNumber], [Label], [AdditionalInfo], [CustomField1], [CustomField2], [CustomField3], [CreatedBy], [ModifiedBy], [CreatedOn], [ModifiedOn], [MaterialTyp_Id]) VALUES (7, N'Leine JO492 10m', N'EasySail', CAST(129.00 AS Decimal(18, 2)), 0, 0, NULL, N'LE6321', NULL, NULL, NULL, NULL, NULL, NULL, NULL, CAST(0x0000A3480157E6C4 AS DateTime), CAST(0x0000A3480157E6C4 AS DateTime), 5)
INSERT [dbo].[Materials] ([MaterialId], [Name], [Brand], [Price], [Currency], [MaterialStatus], [RepairAction], [SerialNumber], [Label], [AdditionalInfo], [CustomField1], [CustomField2], [CustomField3], [CreatedBy], [ModifiedBy], [CreatedOn], [ModifiedOn], [MaterialTyp_Id]) VALUES (8, N'Leine Standard 15m', N'PowerSea', CAST(210.00 AS Decimal(18, 2)), 0, 0, NULL, N'LE6983', NULL, NULL, NULL, NULL, NULL, NULL, NULL, CAST(0x0000A3480158AA3F AS DateTime), CAST(0x0000A3480158AA3F AS DateTime), 5)
INSERT [dbo].[Materials] ([MaterialId], [Name], [Brand], [Price], [Currency], [MaterialStatus], [RepairAction], [SerialNumber], [Label], [AdditionalInfo], [CustomField1], [CustomField2], [CustomField3], [CreatedBy], [ModifiedBy], [CreatedOn], [ModifiedOn], [MaterialTyp_Id]) VALUES (9, N'Vorsegel HC386', N'ColdWater', CAST(699.00 AS Decimal(18, 2)), 0, 0, NULL, N'SE5821', NULL, NULL, NULL, NULL, NULL, NULL, NULL, CAST(0x0000A3480159257E AS DateTime), CAST(0x0000A3480159257E AS DateTime), 4)
INSERT [dbo].[Materials] ([MaterialId], [Name], [Brand], [Price], [Currency], [MaterialStatus], [RepairAction], [SerialNumber], [Label], [AdditionalInfo], [CustomField1], [CustomField2], [CustomField3], [CreatedBy], [ModifiedBy], [CreatedOn], [ModifiedOn], [MaterialTyp_Id]) VALUES (10, N'Vorsegel HC721', N'Apollo Sails', CAST(589.00 AS Decimal(18, 2)), 0, 0, NULL, N'SE594', NULL, NULL, NULL, NULL, NULL, NULL, NULL, CAST(0x0000A34801597A14 AS DateTime), CAST(0x0000A34801597A14 AS DateTime), 4)
INSERT [dbo].[Materials] ([MaterialId], [Name], [Brand], [Price], [Currency], [MaterialStatus], [RepairAction], [SerialNumber], [Label], [AdditionalInfo], [CustomField1], [CustomField2], [CustomField3], [CreatedBy], [ModifiedBy], [CreatedOn], [ModifiedOn], [MaterialTyp_Id]) VALUES (11, N'Anker JO672', N'Sailing World', CAST(459.00 AS Decimal(18, 2)), 0, 0, NULL, N'AN5832', NULL, NULL, NULL, NULL, NULL, NULL, NULL, CAST(0x0000A348015A0149 AS DateTime), CAST(0x0000A348015A0149 AS DateTime), 3)
INSERT [dbo].[Materials] ([MaterialId], [Name], [Brand], [Price], [Currency], [MaterialStatus], [RepairAction], [SerialNumber], [Label], [AdditionalInfo], [CustomField1], [CustomField2], [CustomField3], [CreatedBy], [ModifiedBy], [CreatedOn], [ModifiedOn], [MaterialTyp_Id]) VALUES (12, N'Anker Standard', N'IronTechnologies', CAST(680.00 AS Decimal(18, 2)), 0, 0, NULL, N'AN3092', NULL, NULL, NULL, NULL, NULL, NULL, NULL, CAST(0x0000A348015A4BD9 AS DateTime), CAST(0x0000A348015A4BD9 AS DateTime), 3)
INSERT [dbo].[Materials] ([MaterialId], [Name], [Brand], [Price], [Currency], [MaterialStatus], [RepairAction], [SerialNumber], [Label], [AdditionalInfo], [CustomField1], [CustomField2], [CustomField3], [CreatedBy], [ModifiedBy], [CreatedOn], [ModifiedOn], [MaterialTyp_Id]) VALUES (13, N'Winch Standard', N'PowerSea', CAST(790.00 AS Decimal(18, 2)), 0, 0, NULL, N'WI9382', NULL, NULL, NULL, NULL, NULL, NULL, NULL, CAST(0x0000A348015B1A0E AS DateTime), CAST(0x0000A348015B1A0E AS DateTime), 7)
INSERT [dbo].[Materials] ([MaterialId], [Name], [Brand], [Price], [Currency], [MaterialStatus], [RepairAction], [SerialNumber], [Label], [AdditionalInfo], [CustomField1], [CustomField2], [CustomField3], [CreatedBy], [ModifiedBy], [CreatedOn], [ModifiedOn], [MaterialTyp_Id]) VALUES (14, N'Winch HC735', N'WinchTec', CAST(1099.00 AS Decimal(18, 2)), 0, 0, NULL, N'WI3021', NULL, NULL, NULL, NULL, NULL, NULL, NULL, CAST(0x0000A348015D918D AS DateTime), CAST(0x0000A348015D918D AS DateTime), 7)
INSERT [dbo].[Materials] ([MaterialId], [Name], [Brand], [Price], [Currency], [MaterialStatus], [RepairAction], [SerialNumber], [Label], [AdditionalInfo], [CustomField1], [CustomField2], [CustomField3], [CreatedBy], [ModifiedBy], [CreatedOn], [ModifiedOn], [MaterialTyp_Id]) VALUES (15, N'Mast Surfbrett Standard', N'SurfAndSail', CAST(599.00 AS Decimal(18, 2)), 0, 0, NULL, N'MA0925', NULL, NULL, NULL, NULL, NULL, NULL, NULL, CAST(0x0000A348015EF711 AS DateTime), CAST(0x0000A348015EF711 AS DateTime), 2)
INSERT [dbo].[Materials] ([MaterialId], [Name], [Brand], [Price], [Currency], [MaterialStatus], [RepairAction], [SerialNumber], [Label], [AdditionalInfo], [CustomField1], [CustomField2], [CustomField3], [CreatedBy], [ModifiedBy], [CreatedOn], [ModifiedOn], [MaterialTyp_Id]) VALUES (16, N'Mast KSB4093', N'SurfAndSail', CAST(850.00 AS Decimal(18, 2)), 0, 0, NULL, N'MA3002', NULL, NULL, NULL, NULL, NULL, NULL, NULL, CAST(0x0000A348015F29C7 AS DateTime), CAST(0x0000A348015F29C7 AS DateTime), 2)
INSERT [dbo].[Materials] ([MaterialId], [Name], [Brand], [Price], [Currency], [MaterialStatus], [RepairAction], [SerialNumber], [Label], [AdditionalInfo], [CustomField1], [CustomField2], [CustomField3], [CreatedBy], [ModifiedBy], [CreatedOn], [ModifiedOn], [MaterialTyp_Id]) VALUES (17, N'Mast OP3945', N'BlueWater', CAST(450.00 AS Decimal(18, 2)), 0, 0, NULL, N'MA3395', NULL, NULL, NULL, NULL, NULL, NULL, NULL, CAST(0x0000A348016015FA AS DateTime), CAST(0x0000A348016015FA AS DateTime), 2)
INSERT [dbo].[Materials] ([MaterialId], [Name], [Brand], [Price], [Currency], [MaterialStatus], [RepairAction], [SerialNumber], [Label], [AdditionalInfo], [CustomField1], [CustomField2], [CustomField3], [CreatedBy], [ModifiedBy], [CreatedOn], [ModifiedOn], [MaterialTyp_Id]) VALUES (18, N'Winch HC398', N'WinchTec', CAST(890.00 AS Decimal(18, 2)), 0, 0, NULL, N'WI3107', NULL, NULL, NULL, NULL, NULL, NULL, NULL, CAST(0x0000A34801622D76 AS DateTime), CAST(0x0000A34801622D76 AS DateTime), 7)
INSERT [dbo].[Materials] ([MaterialId], [Name], [Brand], [Price], [Currency], [MaterialStatus], [RepairAction], [SerialNumber], [Label], [AdditionalInfo], [CustomField1], [CustomField2], [CustomField3], [CreatedBy], [ModifiedBy], [CreatedOn], [ModifiedOn], [MaterialTyp_Id]) VALUES (19, N'Anker JO884', N'Sailing World', CAST(520.00 AS Decimal(18, 2)), 0, 0, NULL, N'AN3396', NULL, NULL, NULL, NULL, NULL, NULL, NULL, CAST(0x0000A348016285F4 AS DateTime), CAST(0x0000A348016285F4 AS DateTime), 3)
INSERT [dbo].[Materials] ([MaterialId], [Name], [Brand], [Price], [Currency], [MaterialStatus], [RepairAction], [SerialNumber], [Label], [AdditionalInfo], [CustomField1], [CustomField2], [CustomField3], [CreatedBy], [ModifiedBy], [CreatedOn], [ModifiedOn], [MaterialTyp_Id]) VALUES (20, N'Fock JO395', N'Apollo Sails', CAST(290.00 AS Decimal(18, 2)), 0, 0, NULL, N'SE3947', NULL, NULL, NULL, NULL, NULL, NULL, NULL, CAST(0x0000A348016446E3 AS DateTime), CAST(0x0000A348016446E3 AS DateTime), 4)
SET IDENTITY_INSERT [dbo].[Materials] OFF
/****** Object:  Table [dbo].[Students]    Script Date: 06/12/2014 21:42:56 ******/
SET IDENTITY_INSERT [dbo].[Students] ON
INSERT [dbo].[Students] ([StudentId], [LastName], [FirstName], [Label], [AdditionalInfo], [CustomField1], [CustomField2], [CustomField3], [CreatedBy], [ModifiedBy], [CreatedOn], [ModifiedOn], [Adress_AdressId], [Bank_BankId], [Contact_ContactId]) VALUES (2, N'Walter', N'Johanna', N'Walter, Johanna', NULL, NULL, NULL, NULL, NULL, NULL, CAST(0x0000A346016496DC AS DateTime), CAST(0x0000A34701715BF3 AS DateTime), 2, 2, 2)
INSERT [dbo].[Students] ([StudentId], [LastName], [FirstName], [Label], [AdditionalInfo], [CustomField1], [CustomField2], [CustomField3], [CreatedBy], [ModifiedBy], [CreatedOn], [ModifiedOn], [Adress_AdressId], [Bank_BankId], [Contact_ContactId]) VALUES (3, N'Ebersbacher', N'Sebastian', N'Ebersbacher, Sebastian', NULL, NULL, NULL, NULL, NULL, NULL, CAST(0x0000A34601657E43 AS DateTime), CAST(0x0000A3470171CCF5 AS DateTime), 3, 3, 3)
INSERT [dbo].[Students] ([StudentId], [LastName], [FirstName], [Label], [AdditionalInfo], [CustomField1], [CustomField2], [CustomField3], [CreatedBy], [ModifiedBy], [CreatedOn], [ModifiedOn], [Adress_AdressId], [Bank_BankId], [Contact_ContactId]) VALUES (4, N'Gerste', N'Max', N'Gerste, Max', NULL, NULL, NULL, NULL, NULL, NULL, CAST(0x0000A3460165A297 AS DateTime), CAST(0x0000A3470171FDC9 AS DateTime), 4, 4, 4)
INSERT [dbo].[Students] ([StudentId], [LastName], [FirstName], [Label], [AdditionalInfo], [CustomField1], [CustomField2], [CustomField3], [CreatedBy], [ModifiedBy], [CreatedOn], [ModifiedOn], [Adress_AdressId], [Bank_BankId], [Contact_ContactId]) VALUES (5, N'Schuster', N'Ines', N'Schuster, Ines', NULL, NULL, NULL, NULL, NULL, NULL, CAST(0x0000A3460165DC7C AS DateTime), CAST(0x0000A34701722145 AS DateTime), 5, 5, 5)
INSERT [dbo].[Students] ([StudentId], [LastName], [FirstName], [Label], [AdditionalInfo], [CustomField1], [CustomField2], [CustomField3], [CreatedBy], [ModifiedBy], [CreatedOn], [ModifiedOn], [Adress_AdressId], [Bank_BankId], [Contact_ContactId]) VALUES (6, N'Fassbinder', N'Tim', N'Fassbinder, Tim', NULL, NULL, NULL, NULL, NULL, NULL, CAST(0x0000A3460166007F AS DateTime), CAST(0x0000A347017256C9 AS DateTime), 6, 6, 6)
INSERT [dbo].[Students] ([StudentId], [LastName], [FirstName], [Label], [AdditionalInfo], [CustomField1], [CustomField2], [CustomField3], [CreatedBy], [ModifiedBy], [CreatedOn], [ModifiedOn], [Adress_AdressId], [Bank_BankId], [Contact_ContactId]) VALUES (7, N'Herman', N'Maik', N'Herman, Maik', NULL, NULL, NULL, NULL, NULL, NULL, CAST(0x0000A346016624CC AS DateTime), CAST(0x0000A3470172861A AS DateTime), 7, 7, 7)
INSERT [dbo].[Students] ([StudentId], [LastName], [FirstName], [Label], [AdditionalInfo], [CustomField1], [CustomField2], [CustomField3], [CreatedBy], [ModifiedBy], [CreatedOn], [ModifiedOn], [Adress_AdressId], [Bank_BankId], [Contact_ContactId]) VALUES (8, N'Lemann', N'Luca', N'Lemann, Luca', NULL, NULL, NULL, NULL, NULL, NULL, CAST(0x0000A34601668165 AS DateTime), CAST(0x0000A3470172B135 AS DateTime), 8, 8, 8)
INSERT [dbo].[Students] ([StudentId], [LastName], [FirstName], [Label], [AdditionalInfo], [CustomField1], [CustomField2], [CustomField3], [CreatedBy], [ModifiedBy], [CreatedOn], [ModifiedOn], [Adress_AdressId], [Bank_BankId], [Contact_ContactId]) VALUES (9, N'Bieber', N'Lukas', N'Bieber, Lukas', NULL, NULL, NULL, NULL, NULL, NULL, CAST(0x0000A34601669F1D AS DateTime), CAST(0x0000A3470172EF2E AS DateTime), 9, 9, 9)
INSERT [dbo].[Students] ([StudentId], [LastName], [FirstName], [Label], [AdditionalInfo], [CustomField1], [CustomField2], [CustomField3], [CreatedBy], [ModifiedBy], [CreatedOn], [ModifiedOn], [Adress_AdressId], [Bank_BankId], [Contact_ContactId]) VALUES (10, N'Berg', N'Karin', N'Berg, Karin', NULL, NULL, NULL, NULL, NULL, NULL, CAST(0x0000A3460166C193 AS DateTime), CAST(0x0000A347017328FD AS DateTime), 10, 10, 10)
INSERT [dbo].[Students] ([StudentId], [LastName], [FirstName], [Label], [AdditionalInfo], [CustomField1], [CustomField2], [CustomField3], [CreatedBy], [ModifiedBy], [CreatedOn], [ModifiedOn], [Adress_AdressId], [Bank_BankId], [Contact_ContactId]) VALUES (11, N'Bürger', N'Anne', N'Bürger, Anne', NULL, NULL, NULL, NULL, NULL, NULL, CAST(0x0000A3460166DF85 AS DateTime), CAST(0x0000A34701734D9B AS DateTime), 11, 11, 11)
INSERT [dbo].[Students] ([StudentId], [LastName], [FirstName], [Label], [AdditionalInfo], [CustomField1], [CustomField2], [CustomField3], [CreatedBy], [ModifiedBy], [CreatedOn], [ModifiedOn], [Adress_AdressId], [Bank_BankId], [Contact_ContactId]) VALUES (12, N'Ebersbach', N'Marco', N'Ebersbach, Marco', NULL, NULL, NULL, NULL, NULL, NULL, CAST(0x0000A346016703A4 AS DateTime), CAST(0x0000A34701738D39 AS DateTime), 12, 12, 12)
INSERT [dbo].[Students] ([StudentId], [LastName], [FirstName], [Label], [AdditionalInfo], [CustomField1], [CustomField2], [CustomField3], [CreatedBy], [ModifiedBy], [CreatedOn], [ModifiedOn], [Adress_AdressId], [Bank_BankId], [Contact_ContactId]) VALUES (13, N'Berg', N'Uwe', N'Berg, Uwe', NULL, NULL, NULL, NULL, NULL, NULL, CAST(0x0000A346016722F2 AS DateTime), CAST(0x0000A3470173B272 AS DateTime), 13, 13, 13)
INSERT [dbo].[Students] ([StudentId], [LastName], [FirstName], [Label], [AdditionalInfo], [CustomField1], [CustomField2], [CustomField3], [CreatedBy], [ModifiedBy], [CreatedOn], [ModifiedOn], [Adress_AdressId], [Bank_BankId], [Contact_ContactId]) VALUES (14, N'Theissen', N'Angelika', N'Theissen, Angelika', NULL, NULL, NULL, NULL, NULL, NULL, CAST(0x0000A34601673E5A AS DateTime), CAST(0x0000A3470173DB01 AS DateTime), 14, 14, 14)
INSERT [dbo].[Students] ([StudentId], [LastName], [FirstName], [Label], [AdditionalInfo], [CustomField1], [CustomField2], [CustomField3], [CreatedBy], [ModifiedBy], [CreatedOn], [ModifiedOn], [Adress_AdressId], [Bank_BankId], [Contact_ContactId]) VALUES (15, N'Kuster', N'Bernd', N'Kuster, Bernd', NULL, NULL, NULL, NULL, NULL, NULL, CAST(0x0000A34601675E2B AS DateTime), CAST(0x0000A3470174289A AS DateTime), 15, 15, 15)
INSERT [dbo].[Students] ([StudentId], [LastName], [FirstName], [Label], [AdditionalInfo], [CustomField1], [CustomField2], [CustomField3], [CreatedBy], [ModifiedBy], [CreatedOn], [ModifiedOn], [Adress_AdressId], [Bank_BankId], [Contact_ContactId]) VALUES (16, N'Schwartz', N'Mathias', N'Schwartz, Mathias', NULL, NULL, NULL, NULL, NULL, NULL, CAST(0x0000A34601677870 AS DateTime), CAST(0x0000A347017452B7 AS DateTime), 16, 16, 16)
INSERT [dbo].[Students] ([StudentId], [LastName], [FirstName], [Label], [AdditionalInfo], [CustomField1], [CustomField2], [CustomField3], [CreatedBy], [ModifiedBy], [CreatedOn], [ModifiedOn], [Adress_AdressId], [Bank_BankId], [Contact_ContactId]) VALUES (17, N'Bauer', N'Heike', N'Bauer, Heike', NULL, NULL, NULL, NULL, NULL, NULL, CAST(0x0000A34601679D52 AS DateTime), CAST(0x0000A3480153A4F8 AS DateTime), 17, 17, 17)
INSERT [dbo].[Students] ([StudentId], [LastName], [FirstName], [Label], [AdditionalInfo], [CustomField1], [CustomField2], [CustomField3], [CreatedBy], [ModifiedBy], [CreatedOn], [ModifiedOn], [Adress_AdressId], [Bank_BankId], [Contact_ContactId]) VALUES (18, N'Wilker', N'Mirko', N'Wilker, Mirko', NULL, NULL, NULL, NULL, NULL, NULL, CAST(0x0000A34801514698 AS DateTime), CAST(0x0000A34801514698 AS DateTime), 22, 22, 22)
INSERT [dbo].[Students] ([StudentId], [LastName], [FirstName], [Label], [AdditionalInfo], [CustomField1], [CustomField2], [CustomField3], [CreatedBy], [ModifiedBy], [CreatedOn], [ModifiedOn], [Adress_AdressId], [Bank_BankId], [Contact_ContactId]) VALUES (19, N'Stockamp', N'Eugen', N'Stockamp, Eugen', NULL, NULL, NULL, NULL, NULL, NULL, CAST(0x0000A34801519973 AS DateTime), CAST(0x0000A34801519973 AS DateTime), 23, 23, 23)
INSERT [dbo].[Students] ([StudentId], [LastName], [FirstName], [Label], [AdditionalInfo], [CustomField1], [CustomField2], [CustomField3], [CreatedBy], [ModifiedBy], [CreatedOn], [ModifiedOn], [Adress_AdressId], [Bank_BankId], [Contact_ContactId]) VALUES (20, N'Dörting', N'Edgar', N'Dörting, Edgar', NULL, NULL, NULL, NULL, NULL, NULL, CAST(0x0000A3480151F2D7 AS DateTime), CAST(0x0000A3480151F2D7 AS DateTime), 24, 24, 24)
INSERT [dbo].[Students] ([StudentId], [LastName], [FirstName], [Label], [AdditionalInfo], [CustomField1], [CustomField2], [CustomField3], [CreatedBy], [ModifiedBy], [CreatedOn], [ModifiedOn], [Adress_AdressId], [Bank_BankId], [Contact_ContactId]) VALUES (21, N'Rahde', N'Daniel', N'Rahde, Daniel', NULL, NULL, NULL, NULL, NULL, NULL, CAST(0x0000A34801524AFA AS DateTime), CAST(0x0000A34801524AFA AS DateTime), 25, 25, 25)
INSERT [dbo].[Students] ([StudentId], [LastName], [FirstName], [Label], [AdditionalInfo], [CustomField1], [CustomField2], [CustomField3], [CreatedBy], [ModifiedBy], [CreatedOn], [ModifiedOn], [Adress_AdressId], [Bank_BankId], [Contact_ContactId]) VALUES (22, N'Götte', N'Jonas', N'Götte, Jonas', NULL, NULL, NULL, NULL, NULL, NULL, CAST(0x0000A3480152C913 AS DateTime), CAST(0x0000A3480152C913 AS DateTime), 26, 26, 26)
INSERT [dbo].[Students] ([StudentId], [LastName], [FirstName], [Label], [AdditionalInfo], [CustomField1], [CustomField2], [CustomField3], [CreatedBy], [ModifiedBy], [CreatedOn], [ModifiedOn], [Adress_AdressId], [Bank_BankId], [Contact_ContactId]) VALUES (23, N'Rieder', N'Samuel', N'Rieder, Samuel', NULL, NULL, NULL, NULL, NULL, NULL, CAST(0x0000A34801533282 AS DateTime), CAST(0x0000A34801533282 AS DateTime), 27, 27, 27)
INSERT [dbo].[Students] ([StudentId], [LastName], [FirstName], [Label], [AdditionalInfo], [CustomField1], [CustomField2], [CustomField3], [CreatedBy], [ModifiedBy], [CreatedOn], [ModifiedOn], [Adress_AdressId], [Bank_BankId], [Contact_ContactId]) VALUES (24, N'Ladener', N'Hannes', N'Ladener, Hannes', NULL, NULL, NULL, NULL, NULL, NULL, CAST(0x0000A34801538742 AS DateTime), CAST(0x0000A34801538742 AS DateTime), 28, 28, 28)
INSERT [dbo].[Students] ([StudentId], [LastName], [FirstName], [Label], [AdditionalInfo], [CustomField1], [CustomField2], [CustomField3], [CreatedBy], [ModifiedBy], [CreatedOn], [ModifiedOn], [Adress_AdressId], [Bank_BankId], [Contact_ContactId]) VALUES (25, N'Rosemeier', N'Robert', N'Rosemeier, Robert', NULL, NULL, NULL, NULL, NULL, NULL, CAST(0x0000A34801541424 AS DateTime), CAST(0x0000A34801541424 AS DateTime), 29, 29, 29)
INSERT [dbo].[Students] ([StudentId], [LastName], [FirstName], [Label], [AdditionalInfo], [CustomField1], [CustomField2], [CustomField3], [CreatedBy], [ModifiedBy], [CreatedOn], [ModifiedOn], [Adress_AdressId], [Bank_BankId], [Contact_ContactId]) VALUES (26, N'Strauß', N'Clemens', N'Strauß, Clemens', NULL, NULL, NULL, NULL, NULL, NULL, CAST(0x0000A3480154B640 AS DateTime), CAST(0x0000A3480154B640 AS DateTime), 30, 30, 30)
SET IDENTITY_INSERT [dbo].[Students] OFF
/****** Object:  Table [dbo].[Invoices]    Script Date: 06/12/2014 21:42:56 ******/
/****** Object:  Table [dbo].[TrainingActivities]    Script Date: 06/12/2014 21:42:56 ******/
/****** Object:  Table [dbo].[StudentQualifications]    Script Date: 06/12/2014 21:42:56 ******/
/****** Object:  Table [dbo].[MaterialBoatTyps]    Script Date: 06/12/2014 21:42:56 ******/
INSERT [dbo].[MaterialBoatTyps] ([Material_MaterialId], [BoatTyp_BoatTypID]) VALUES (8, 7)
INSERT [dbo].[MaterialBoatTyps] ([Material_MaterialId], [BoatTyp_BoatTypID]) VALUES (12, 7)
INSERT [dbo].[MaterialBoatTyps] ([Material_MaterialId], [BoatTyp_BoatTypID]) VALUES (13, 7)
INSERT [dbo].[MaterialBoatTyps] ([Material_MaterialId], [BoatTyp_BoatTypID]) VALUES (17, 7)
INSERT [dbo].[MaterialBoatTyps] ([Material_MaterialId], [BoatTyp_BoatTypID]) VALUES (1, 8)
INSERT [dbo].[MaterialBoatTyps] ([Material_MaterialId], [BoatTyp_BoatTypID]) VALUES (2, 8)
INSERT [dbo].[MaterialBoatTyps] ([Material_MaterialId], [BoatTyp_BoatTypID]) VALUES (3, 8)
INSERT [dbo].[MaterialBoatTyps] ([Material_MaterialId], [BoatTyp_BoatTypID]) VALUES (4, 8)
INSERT [dbo].[MaterialBoatTyps] ([Material_MaterialId], [BoatTyp_BoatTypID]) VALUES (7, 8)
INSERT [dbo].[MaterialBoatTyps] ([Material_MaterialId], [BoatTyp_BoatTypID]) VALUES (8, 8)
INSERT [dbo].[MaterialBoatTyps] ([Material_MaterialId], [BoatTyp_BoatTypID]) VALUES (11, 8)
INSERT [dbo].[MaterialBoatTyps] ([Material_MaterialId], [BoatTyp_BoatTypID]) VALUES (12, 8)
INSERT [dbo].[MaterialBoatTyps] ([Material_MaterialId], [BoatTyp_BoatTypID]) VALUES (13, 8)
INSERT [dbo].[MaterialBoatTyps] ([Material_MaterialId], [BoatTyp_BoatTypID]) VALUES (19, 8)
INSERT [dbo].[MaterialBoatTyps] ([Material_MaterialId], [BoatTyp_BoatTypID]) VALUES (20, 8)
INSERT [dbo].[MaterialBoatTyps] ([Material_MaterialId], [BoatTyp_BoatTypID]) VALUES (6, 9)
INSERT [dbo].[MaterialBoatTyps] ([Material_MaterialId], [BoatTyp_BoatTypID]) VALUES (8, 9)
INSERT [dbo].[MaterialBoatTyps] ([Material_MaterialId], [BoatTyp_BoatTypID]) VALUES (9, 9)
INSERT [dbo].[MaterialBoatTyps] ([Material_MaterialId], [BoatTyp_BoatTypID]) VALUES (13, 9)
INSERT [dbo].[MaterialBoatTyps] ([Material_MaterialId], [BoatTyp_BoatTypID]) VALUES (14, 9)
INSERT [dbo].[MaterialBoatTyps] ([Material_MaterialId], [BoatTyp_BoatTypID]) VALUES (18, 9)
INSERT [dbo].[MaterialBoatTyps] ([Material_MaterialId], [BoatTyp_BoatTypID]) VALUES (5, 10)
INSERT [dbo].[MaterialBoatTyps] ([Material_MaterialId], [BoatTyp_BoatTypID]) VALUES (8, 10)
INSERT [dbo].[MaterialBoatTyps] ([Material_MaterialId], [BoatTyp_BoatTypID]) VALUES (15, 10)
INSERT [dbo].[MaterialBoatTyps] ([Material_MaterialId], [BoatTyp_BoatTypID]) VALUES (8, 11)
INSERT [dbo].[MaterialBoatTyps] ([Material_MaterialId], [BoatTyp_BoatTypID]) VALUES (15, 11)
INSERT [dbo].[MaterialBoatTyps] ([Material_MaterialId], [BoatTyp_BoatTypID]) VALUES (16, 11)
/****** Object:  Table [dbo].[Instructors]    Script Date: 06/12/2014 21:42:56 ******/
SET IDENTITY_INSERT [dbo].[Instructors] ON
INSERT [dbo].[Instructors] ([InstructorId], [LastName], [FirstName], [FeeValueDay], [FeeValueStd], [Label], [AdditionalInfo], [CustomField1], [CustomField2], [CustomField3], [CreatedBy], [ModifiedBy], [CreatedOn], [ModifiedOn], [Adress_AdressId], [Bank_BankId], [Contact_ContactId], [TrainingActivity_TrainingActivityId], [RatingValue]) VALUES (1, N'Brinkmann', N'Jens', CAST(85.00 AS Decimal(18, 2)), CAST(22.50 AS Decimal(18, 2)), N'Brinkmann, Jens', NULL, NULL, NULL, NULL, NULL, NULL, CAST(0x0000A347015E1055 AS DateTime), CAST(0x0000A34801613D72 AS DateTime), 18, 18, 18, NULL, 2.5)
INSERT [dbo].[Instructors] ([InstructorId], [LastName], [FirstName], [FeeValueDay], [FeeValueStd], [Label], [AdditionalInfo], [CustomField1], [CustomField2], [CustomField3], [CreatedBy], [ModifiedBy], [CreatedOn], [ModifiedOn], [Adress_AdressId], [Bank_BankId], [Contact_ContactId], [TrainingActivity_TrainingActivityId], [RatingValue]) VALUES (2, N'Grafe', N'Sebastian', CAST(75.00 AS Decimal(18, 2)), CAST(18.50 AS Decimal(18, 2)), N'Grafe, Sebastian', NULL, NULL, NULL, NULL, NULL, NULL, CAST(0x0000A347015E521A AS DateTime), CAST(0x0000A3480161795D AS DateTime), 19, 19, 19, NULL, 3)
INSERT [dbo].[Instructors] ([InstructorId], [LastName], [FirstName], [FeeValueDay], [FeeValueStd], [Label], [AdditionalInfo], [CustomField1], [CustomField2], [CustomField3], [CreatedBy], [ModifiedBy], [CreatedOn], [ModifiedOn], [Adress_AdressId], [Bank_BankId], [Contact_ContactId], [TrainingActivity_TrainingActivityId], [RatingValue]) VALUES (3, N'Kreyenkamp', N'Simon', CAST(105.00 AS Decimal(18, 2)), CAST(28.50 AS Decimal(18, 2)), N'Kreyenkamp, Simon', NULL, NULL, NULL, NULL, NULL, NULL, CAST(0x0000A347015E98AC AS DateTime), CAST(0x0000A348016190BE AS DateTime), 20, 20, 20, NULL, 5)
INSERT [dbo].[Instructors] ([InstructorId], [LastName], [FirstName], [FeeValueDay], [FeeValueStd], [Label], [AdditionalInfo], [CustomField1], [CustomField2], [CustomField3], [CreatedBy], [ModifiedBy], [CreatedOn], [ModifiedOn], [Adress_AdressId], [Bank_BankId], [Contact_ContactId], [TrainingActivity_TrainingActivityId], [RatingValue]) VALUES (4, N'Buschmeyer', N'Brian', CAST(80.00 AS Decimal(18, 2)), CAST(20.00 AS Decimal(18, 2)), N'Buschmeyer, Brian', NULL, NULL, NULL, NULL, NULL, NULL, CAST(0x0000A347015EEF5F AS DateTime), CAST(0x0000A34801619E0A AS DateTime), 21, 21, 21, NULL, 1.5)
SET IDENTITY_INSERT [dbo].[Instructors] OFF
/****** Object:  Table [dbo].[InstructorQualifications]    Script Date: 06/12/2014 21:42:56 ******/
INSERT [dbo].[InstructorQualifications] ([Instructor_InstructorId], [Qualification_QualificationId]) VALUES (1, 7)
INSERT [dbo].[InstructorQualifications] ([Instructor_InstructorId], [Qualification_QualificationId]) VALUES (2, 7)
INSERT [dbo].[InstructorQualifications] ([Instructor_InstructorId], [Qualification_QualificationId]) VALUES (3, 7)
INSERT [dbo].[InstructorQualifications] ([Instructor_InstructorId], [Qualification_QualificationId]) VALUES (4, 7)
INSERT [dbo].[InstructorQualifications] ([Instructor_InstructorId], [Qualification_QualificationId]) VALUES (1, 8)
INSERT [dbo].[InstructorQualifications] ([Instructor_InstructorId], [Qualification_QualificationId]) VALUES (3, 8)
INSERT [dbo].[InstructorQualifications] ([Instructor_InstructorId], [Qualification_QualificationId]) VALUES (1, 9)
INSERT [dbo].[InstructorQualifications] ([Instructor_InstructorId], [Qualification_QualificationId]) VALUES (3, 9)
/****** Object:  Table [dbo].[CoursePlaningInstructors]    Script Date: 06/12/2014 21:42:56 ******/
/****** Object:  Table [dbo].[BlockedTimeSpans]    Script Date: 06/12/2014 21:42:56 ******/
SET IDENTITY_INSERT [dbo].[BlockedTimeSpans] ON
INSERT [dbo].[BlockedTimeSpans] ([BlockedTimeSpanId], [StartDate], [EndDate], [Reason], [Course_CourseId], [Instructor_InstructorId]) VALUES (1, CAST(0x0000A36F00000000 AS DateTime), CAST(0x0000A37300000000 AS DateTime), NULL, NULL, 4)
INSERT [dbo].[BlockedTimeSpans] ([BlockedTimeSpanId], [StartDate], [EndDate], [Reason], [Course_CourseId], [Instructor_InstructorId]) VALUES (2, CAST(0x0000A38800000000 AS DateTime), CAST(0x0000A37500000000 AS DateTime), NULL, NULL, 4)
INSERT [dbo].[BlockedTimeSpans] ([BlockedTimeSpanId], [StartDate], [EndDate], [Reason], [Course_CourseId], [Instructor_InstructorId]) VALUES (3, CAST(0x0000A38800000000 AS DateTime), CAST(0x0000A38A00000000 AS DateTime), NULL, NULL, 4)
INSERT [dbo].[BlockedTimeSpans] ([BlockedTimeSpanId], [StartDate], [EndDate], [Reason], [Course_CourseId], [Instructor_InstructorId]) VALUES (4, CAST(0x0000A34900000000 AS DateTime), CAST(0x0000A34B00000000 AS DateTime), NULL, NULL, 1)
INSERT [dbo].[BlockedTimeSpans] ([BlockedTimeSpanId], [StartDate], [EndDate], [Reason], [Course_CourseId], [Instructor_InstructorId]) VALUES (5, CAST(0x0000A37600000000 AS DateTime), CAST(0x0000A37900000000 AS DateTime), NULL, NULL, 1)
INSERT [dbo].[BlockedTimeSpans] ([BlockedTimeSpanId], [StartDate], [EndDate], [Reason], [Course_CourseId], [Instructor_InstructorId]) VALUES (6, CAST(0x0000A39900000000 AS DateTime), CAST(0x0000A3A600000000 AS DateTime), NULL, NULL, 1)
INSERT [dbo].[BlockedTimeSpans] ([BlockedTimeSpanId], [StartDate], [EndDate], [Reason], [Course_CourseId], [Instructor_InstructorId]) VALUES (10, CAST(0x0000A34F00000000 AS DateTime), CAST(0x0000A35200000000 AS DateTime), NULL, NULL, 3)
INSERT [dbo].[BlockedTimeSpans] ([BlockedTimeSpanId], [StartDate], [EndDate], [Reason], [Course_CourseId], [Instructor_InstructorId]) VALUES (11, CAST(0x0000A36800000000 AS DateTime), CAST(0x0000A36D00000000 AS DateTime), NULL, NULL, 3)
INSERT [dbo].[BlockedTimeSpans] ([BlockedTimeSpanId], [StartDate], [EndDate], [Reason], [Course_CourseId], [Instructor_InstructorId]) VALUES (12, CAST(0x0000A37C00000000 AS DateTime), CAST(0x0000A38100000000 AS DateTime), NULL, NULL, 3)
INSERT [dbo].[BlockedTimeSpans] ([BlockedTimeSpanId], [StartDate], [EndDate], [Reason], [Course_CourseId], [Instructor_InstructorId]) VALUES (13, CAST(0x0000A35500000000 AS DateTime), CAST(0x0000A35900000000 AS DateTime), NULL, NULL, 2)
INSERT [dbo].[BlockedTimeSpans] ([BlockedTimeSpanId], [StartDate], [EndDate], [Reason], [Course_CourseId], [Instructor_InstructorId]) VALUES (14, CAST(0x0000A36900000000 AS DateTime), CAST(0x0000A36E00000000 AS DateTime), NULL, NULL, 2)
INSERT [dbo].[BlockedTimeSpans] ([BlockedTimeSpanId], [StartDate], [EndDate], [Reason], [Course_CourseId], [Instructor_InstructorId]) VALUES (15, CAST(0x0000A3C300000000 AS DateTime), CAST(0x0000A3C700000000 AS DateTime), NULL, NULL, 2)
SET IDENTITY_INSERT [dbo].[BlockedTimeSpans] OFF
